app_id,name,playtime_hours,last_played,achievements_total,achievements_unlocked,achievements_pct,avg_global_unlock_pct,rarity_floor,has_multiplayer_achievement,hltb_main_hours,hltb_completionist_hours,completionist_ratio,hltb_found
220,Half-Life 2,2.15,1408894638,69,4,0.057971014492753624,15.520289855072468,1.2,False,12.89,19.88,1.542280837858805,True
320,Half-Life 2: Deathmatch,0.0,0,0,0,0.0,0.0,0.0,False,2.42,21.55,8.90495867768595,True
360,Half-Life Deathmatch: Source,0.0,0,0,0,0.0,0.0,0.0,False,2.5,3.33,1.332,True
400,Portal,2.5833333333333335,1408735024,15,7,0.4666666666666667,25.306666666666672,2.8,False,3.12,10.47,3.355769230769231,True
440,Team Fortress 2,0.8166666666666667,1371919525,520,2,0.0038461538461538464,11.153076923076924,3.2,True,285.25,2346.99,8.22783523225241,True
550,Left 4 Dead 2,7.65,1463745438,101,3,0.0297029702970297,11.598019801980204,0.7,True,10.21,61.36,6.009794319294809,True
620,Portal 2,6.883333333333334,1596205891,51,9,0.17647058823529413,24.205882352941178,2.4,True,8.54,22.53,2.6381733021077287,True
730,Counter-Strike 2,4.916666666666667,1570566090,1,0,0.0,39.4,39.4,False,145.47,742.55,5.104488898054582,True
1200,Red Orchestra: Ostfront 41-45,0.03333333333333333,1378915590,44,0,0.0,2.777272727272727,1.0,False,0.0,44.0,1.0,True
1230,Mare Nostrum,0.08333333333333333,1378916088,26,0,0.0,0.8192307692307697,0.8,False,0.0,0.0,1.0,True
1250,Killing Floor,1.0333333333333334,1378837776,285,3,0.010526315789473684,7.753684210526316,1.8,True,17.76,296.28,16.682432432432428,True
1280,Darkest Hour: Europe '44-'45,0.016666666666666666,1379225212,0,0,0.0,0.0,0.0,False,4.0,0.0,0.0,True
1900,Earth 2160,0.0,0,0,0,0.0,0.0,0.0,False,22.71,31.02,1.3659180977542933,True
2400,The Ship,8.25,1496420112,0,0,0.0,0.0,0.0,False,2.61,4.07,1.559386973180077,True
2420,The Ship Single Player,5.5,1449936733,0,0,0.0,0.0,0.0,False,2.2,0.0,0.0,True
2430,The Ship Tutorial,0.0,0,0,0,0.0,0.0,0.0,False,0.0,0.0,1.0,False
2600,Vampire: The Masquerade - Bloodlines,1.2166666666666666,1553346185,0,0,0.0,0.0,0.0,False,22.64,38.87,1.7168727915194344,True
2700,RollerCoaster Tycoon 3: Platinum!,25.316666666666666,1489246634,0,0,0.0,0.0,0.0,False,20.12,42.01,2.0879721669980116,True
3260,Safecracker: The Ultimate Puzzle Adventure,2.8666666666666667,1407428621,0,0,0.0,0.0,0.0,False,3.47,5.74,1.654178674351585,True
3330,Zuma Deluxe,0.21666666666666667,1713818242,0,0,0.0,0.0,0.0,False,5.3,12.72,2.4000000000000004,True
3590,Plants vs. Zombies: Game of the Year,2.933333333333333,1425221364,21,4,0.19047619047619047,27.928571428571423,8.4,False,8.2,42.7,5.207317073170732,True
3830,Psychonauts,14.133333333333333,1409338755,37,16,0.43243243243243246,14.535135135135134,3.8,False,12.01,21.61,1.7993338884263115,True
3910,Sid Meier's Civilization III: Complete,0.0,0,0,0,0.0,0.0,0.0,False,22.2,123.31,5.5545045045045045,True
4000,Garry's Mod,5.75,1464440635,29,3,0.10344827586206896,17.472413793103446,2.3,True,51.41,553.98,10.775724567204826,True
7520,Two Worlds II HD,0.0,0,66,0,0.0,3.356060606060608,0.4,True,0.0,0.0,1.0,True
7610,Railroad Tycoon 3,0.0,0,0,0,0.0,0.0,0.0,False,26.17,38.0,1.4520443255636224,True
7650,X-COM: Terror from the Deep,0.0,0,0,0,0.0,0.0,0.0,False,34.16,92.25,2.7005269320843093,True
7660,X-COM: Apocalypse,0.0,0,0,0,0.0,0.0,0.0,False,32.55,63.82,1.9606758832565285,True
7670,BioShock,0.9833333333333333,1476209479,0,0,0.0,0.0,0.0,False,12.11,23.23,1.9182493806771264,True
7730,X-COM: Interceptor,0.0,0,0,0,0.0,0.0,0.0,False,13.09,20.17,1.5408708938120703,True
7770,X-COM: Enforcer,0.0,0,0,0,0.0,0.0,0.0,False,4.37,8.02,1.8352402745995422,True
8190,Just Cause 2,0.6666666666666666,1497965073,50,3,0.06,16.761999999999997,2.9,False,17.62,85.71,4.864358683314415,True
8340,Strong Bad Episode 1: Homestar Ruiner,0.0,0,0,0,0.0,0.0,0.0,False,2.62,3.99,1.5229007633587786,True
8350,Strong Bad Episode 2: Strong Badia the Free,0.0,0,0,0,0.0,0.0,0.0,False,2.84,4.13,1.454225352112676,True
8360,Strong Bad Episode 3: Baddest of the Bands,0.0,0,0,0,0.0,0.0,0.0,False,2.58,3.65,1.4147286821705425,True
8370,Strong Bad Episode 4: Dangeresque 3,0.0,0,0,0,0.0,0.0,0.0,False,2.06,5.17,2.5097087378640777,True
8380,Strong Bad Episode 5: 8-Bit Is Enough,0.0,0,0,0,0.0,0.0,0.0,False,2.53,3.67,1.4505928853754941,True
8600,RACE 07,0.0,0,0,0,0.0,0.0,0.0,False,6.55,0.0,0.0,True
8660,GTR Evolution,0.0,0,0,0,0.0,0.0,0.0,False,1.21,0.0,0.0,True
8850,BioShock 2,0.0,0,68,0,0.0,14.791176470588232,3.1,True,10.58,23.72,2.2419659735349717,True
8870,BioShock Infinite,11.683333333333334,1475939333,80,22,0.275,22.984999999999996,1.5,False,11.54,28.5,2.4696707105719238,True
8980,Borderlands GOTY,4.016666666666667,1512334305,80,13,0.1625,26.181249999999984,2.2,True,20.57,74.04,3.599416626154594,True
9050,DOOM 3,0.0,0,0,0,0.0,0.0,0.0,False,10.93,16.81,1.5379688929551691,True
9070,DOOM 3: Resurrection of Evil,0.0,0,0,0,0.0,0.0,0.0,False,4.05,5.78,1.4271604938271607,True
9350,Supreme Commander,0.0,0,0,0,0.0,0.0,0.0,False,18.64,50.59,2.7140557939914163,True
9420,Supreme Commander: Forged Alliance,0.0,0,0,0,0.0,0.0,0.0,False,18.04,31.78,1.7616407982261642,True
9480,Saints Row 2,0.26666666666666666,1463668695,0,0,0.0,0.0,0.0,False,19.93,50.8,2.5489212242849972,True
10500,Total War: EMPIRE - Definitive Edition,0.0,0,30,0,0.0,11.303333333333338,0.6,True,60.73,245.04,4.034908611888688,True
11040,Sherlock Holmes: Nemesis,8.983333333333333,1414440002,0,0,0.0,0.0,0.0,False,9.81,13.46,1.3720693170234455,True
11130,Sherlock Holmes: The Mystery of The Mummy,0.05,1574529028,0,0,0.0,0.0,0.0,False,5.19,5.48,1.0558766859344895,True
11140,Sherlock Holmes: The Awakened (2008),0.05,1531824318,0,0,0.0,0.0,0.0,False,0.0,0.0,1.0,False
11150,Sherlock Holmes: The Secret of the Silver Earring,0.0,0,0,0,0.0,0.0,0.0,False,0.0,0.0,1.0,False
11180,Sherlock Holmes: The Mystery of The Persian Carpet,0.0,0,0,0,0.0,0.0,0.0,False,3.48,3.61,1.0373563218390804,True
11190,Sherlock Holmes versus Jack the Ripper,12.533333333333333,1413664438,0,0,0.0,0.0,0.0,False,10.74,11.1,1.0335195530726256,True
11360,Chains,0.0,0,0,0,0.0,0.0,0.0,False,2.11,3.11,1.4739336492890995,True
11390,Crash Time 2,0.0,0,0,0,0.0,0.0,0.0,False,8.71,13.51,1.5510907003444314,True
11450,Overlord,0.0,0,0,0,0.0,0.0,0.0,False,17.02,27.13,1.5940070505287895,True
12100,Grand Theft Auto III,2.6666666666666665,1445956104,0,0,0.0,0.0,0.0,False,14.1,36.42,2.5829787234042554,True
12110,Grand Theft Auto: Vice City,6.566666666666666,1419779714,0,0,0.0,0.0,0.0,False,17.02,37.89,2.2262044653349,True
12120,Grand Theft Auto: San Andreas,5.033333333333333,1518213693,0,0,0.0,0.0,0.0,False,30.17,71.12,2.357308584686775,True
12210,Grand Theft Auto IV: The Complete Edition,4.8,1489178283,55,0,0.0,7.21272727272727,1.1,False,30.75,100.18,3.257886178861789,True
12230,Grand Theft Auto III,0.0,0,0,0,0.0,0.0,0.0,False,14.1,36.42,2.5829787234042554,True
12240,Grand Theft Auto: Vice City,0.0,0,0,0,0.0,0.0,0.0,False,17.02,37.89,2.2262044653349,True
12250,Grand Theft Auto: San Andreas,0.0,0,0,0,0.0,0.0,0.0,False,30.17,71.12,2.357308584686775,True
12750,GRID,0.0,0,0,0,0.0,0.0,0.0,False,21.54,63.42,2.944289693593315,True
12810,Overlord II,0.0,0,0,0,0.0,0.0,0.0,False,16.47,26.85,1.6302367941712206,True
12900,Audiosurf,3.966666666666667,1431359309,19,4,0.21052631578947367,19.868421052631575,1.6,False,7.76,16.92,2.180412371134021,True
16450,F.E.A.R. 2: Project Origin,0.0,0,0,0,0.0,0.0,0.0,False,7.11,10.88,1.5302390998593531,True
16730,Legendary,0.4,1390133632,0,0,0.0,0.0,0.0,False,5.16,6.79,1.315891472868217,True
17450,Dragon Age: Origins,12.7,1552666570,0,0,0.0,0.0,0.0,False,40.3,86.7,2.1513647642679903,True
17460,Mass Effect (2007),2.6,1502526112,0,0,0.0,0.0,0.0,False,0.0,0.0,1.0,False
17470,Dead Space (2008),1.65,1431952174,0,0,0.0,0.0,0.0,False,0.0,0.0,1.0,False
18110,Shattered Horizon,0.0,0,0,0,0.0,0.0,0.0,False,11.69,0.0,0.0,True
20500,Red Faction: Guerrilla Steam Edition,0.38333333333333336,1424090453,60,1,0.016666666666666666,6.941666666666672,1.6,True,10.020000000000001,10.020000000000001,1.0,False
20530,Red Faction,2.55,1408012614,0,0,0.0,0.0,0.0,False,6.0,8.9,1.4833333333333334,True
20550,Red Faction II,0.0,0,0,0,0.0,0.0,0.0,False,4.46,6.35,1.4237668161434978,True
20900,The Witcher: Enhanced Edition,1.7,1432460473,0,0,0.0,0.0,0.0,False,35.25,63.86,1.811631205673759,True
20920,The Witcher 2: Assassins of Kings Enhanced Edition,1.9166666666666667,1503004210,52,1,0.019230769230769232,19.49230769230769,2.0,False,8.684000000000001,8.684000000000001,1.0,False
21090,F.E.A.R.,6.25,1476959887,0,0,0.0,0.0,0.0,False,8.17,12.23,1.4969400244798041,True
21100,F.E.A.R. 3,0.0,0,50,0,0.0,14.100000000000001,1.9,False,5.77,17.6,3.0502599653379554,True
21110,F.E.A.R.: Extraction Point,0.0,0,0,0,0.0,0.0,0.0,False,0.0,0.0,1.0,False
21120,F.E.A.R.: Perseus Mandate,0.0,0,0,0,0.0,0.0,0.0,False,0.0,0.0,1.0,False
22000,World of Goo,0.36666666666666664,1381610666,8,0,0.0,3.0749999999999997,1.3,False,6.01,13.88,2.3094841930116474,True
22230,Rock of Ages,0.31666666666666665,1503126199,19,2,0.10526315789473684,19.97368421052632,2.2,True,4.07,11.85,2.911547911547911,True
22330,The Elder Scrolls IV: Oblivion Game of the Year Edition (2009),25.383333333333333,1467405160,0,0,0.0,0.0,0.0,False,0.0,0.0,1.0,False
22370,Fallout 3 - Game of the Year Edition,32.71666666666667,1496512177,0,0,0.0,0.0,0.0,False,0.0,0.0,1.0,False
22380,Fallout: New Vegas,61.95,1496431541,75,41,0.5466666666666666,17.585333333333335,1.9,False,26.84,130.79,4.8729508196721305,True
22600,Worms Reloaded,0.0,0,61,0,0.0,3.200000000000001,0.7,False,10.3,47.35,4.597087378640777,True
23490,Tropico 3 - Steam Special Edition,0.016666666666666666,1417020187,0,0,0.0,0.0,0.0,False,0.0,0.0,1.0,False
24010,Train Simulator Classic,0.21666666666666667,1380017495,1384,0,0.0,1.3249277456647357,0.3,True,12.59,0.0,0.0,True
24240,PAYDAY: The Heist,0.4666666666666667,1471714266,56,1,0.017857142857142856,8.889285714285714,3.3,True,9.99,48.79,4.883883883883883,True
24740,Burnout Paradise: The Ultimate Box,3.9166666666666665,1478361668,0,0,0.0,0.0,0.0,False,10.87,36.91,3.3955841766329344,True
25800,Europa Universalis III,0.06666666666666667,1378412712,0,0,0.0,0.0,0.0,False,62.6,658.76,10.52332268370607,True
26800,Braid,0.4,1417812501,12,1,0.08333333333333333,39.95833333333333,1.5,False,5.07,7.8,1.5384615384615383,True
29120,Yumsters! 2: Around the World!,0.0,0,0,0,0.0,0.0,0.0,False,0.0,0.0,1.0,False
29130,Musaic Box,3.783333333333333,1379335542,0,0,0.0,0.0,0.0,False,1.99,2.12,1.065326633165829,True
31220,Sam & Max 301: The Penal Zone,0.11666666666666667,1461427176,0,0,0.0,0.0,0.0,False,3.72,3.94,1.0591397849462365,True
31230,Sam & Max 302: The Tomb of Sammun-Mak,0.0,0,0,0,0.0,0.0,0.0,False,3.14,3.9,1.2420382165605095,True
31240,Sam & Max 303: They Stole Max's Brain!,0.0,0,0,0,0.0,0.0,0.0,False,3.07,3.38,1.1009771986970684,True
31250,Sam & Max 304: Beyond the Alley of the Dolls,0.0,0,0,0,0.0,0.0,0.0,False,2.54,3.05,1.200787401574803,True
31260,Sam & Max 305: The City that Dares not Sleep,0.0,0,0,0,0.0,0.0,0.0,False,2.63,2.82,1.0722433460076046,True
31270,Puzzle Agent,4.383333333333334,1594760700,0,0,0.0,0.0,0.0,False,3.41,4.1,1.2023460410557183,True
31280,Poker Night at the Inventory (2010 Original Version),0.0,0,20,0,0.0,58.935,17.4,False,3.3400000000000003,3.3400000000000003,1.0,False
31290,Back to the Future: Ep 1 - It's About Time,0.5,1475313670,0,0,0.0,0.0,0.0,False,2.61,3.12,1.1954022988505748,True
32360,The Secret of Monkey Island: Special Edition,0.26666666666666666,1467657762,0,0,0.0,0.0,0.0,False,6.66,7.63,1.1456456456456456,True
32460,Monkey Island 2: Special Edition,0.0,0,12,0,0.0,33.083333333333336,4.2,False,7.06,7.99,1.1317280453257792,True
33100,Alien Shooter,0.0,0,17,0,0.0,29.94705882352941,5.4,False,2.22,5.79,2.608108108108108,True
33120,Alien Shooter 2: Reloaded,0.0,0,0,0,0.0,0.0,0.0,False,5.17,7.04,1.3617021276595744,True
33130,Zombie Shooter,0.0,0,0,0,0.0,0.0,0.0,False,2.25,2.96,1.3155555555555556,True
33180,Zombie Shooter 2,0.0,0,0,0,0.0,0.0,0.0,False,4.04,6.99,1.7301980198019802,True
33220,Tom Clancy's Splinter Cell: Conviction,10.25,1533380242,0,0,0.0,0.0,0.0,False,7.32,18.23,2.490437158469945,True
33230,Assassin's Creed II,0.0,0,0,0,0.0,0.0,0.0,False,19.21,35.42,1.8438313378448725,True
34830,Sniper: Ghost Warrior,6.733333333333333,1488034919,24,14,0.5833333333333334,22.879166666666666,2.1,True,5.14,14.02,2.727626459143969,True
34870,Sniper Ghost Warrior 2,0.36666666666666664,1509789322,38,0,0.0,20.655263157894755,2.6,True,5.13,11.95,2.3294346978557505,True
35140,Batman: Arkham Asylum GOTY Edition,24.4,1602526288,47,36,0.7659574468085106,28.697872340425537,3.9,False,7.849,7.849,1.0,False
35420,Killing Floor Mod: Defence Alliance 2,0.0,0,30,0,0.0,6.410000000000003,6.4,False,5.010000000000001,5.010000000000001,1.0,False
35450,Rising Storm/Red Orchestra 2 Multiplayer,0.0,0,140,0,0.0,5.971428571428572,0.0,False,23.380000000000003,23.380000000000003,1.0,False
35720,Trine 2,0.0,0,97,0,0.0,13.665979381443298,1.3,False,8.19,23.23,2.8363858363858365,True
38220,Section 8,0.0,0,0,0,0.0,0.0,0.0,False,3.03,4.93,1.627062706270627,True
38400,Fallout,0.0,0,0,0,0.0,0.0,0.0,False,16.2,32.07,1.9796296296296296,True
39150,FINAL FANTASY VIII,52.11666666666667,1484303727,45,19,0.4222222222222222,22.231111111111108,1.5,False,38.29,75.57,1.9736223557064507,True
39210,FINAL FANTASY XIV Online,5.133333333333334,1662401396,0,0,0.0,0.0,0.0,False,0.0,0.0,1.0,False
39650,The Guild II,0.03333333333333333,1381322759,0,0,0.0,0.0,0.0,False,12.5,48.8,3.904,True
39690,ArcaniA,0.0,0,0,0,0.0,0.0,0.0,False,15.41,33.09,2.147306943543154,True
40300,Risen,0.08333333333333333,1475329939,50,0,0.0,6.318000000000001,1.1,False,28.04,45.97,1.6394436519258202,True
40390,Risen 2 - Dark Waters,0.0,0,49,0,0.0,23.363265306122454,1.9,False,0.96,1.61,1.6770833333333335,True
40800,Super Meat Boy,6.25,1476452647,48,1,0.020833333333333332,6.2729166666666645,1.3,False,9.19,45.75,4.978237214363439,True
41000,Serious Sam HD: The First Encounter,0.31666666666666665,1379326526,35,1,0.02857142857142857,6.631428571428571,1.9,True,6.21,19.94,3.210950080515298,True
41010,Serious Sam HD: The Second Encounter,0.0,0,70,0,0.0,11.155714285714273,9.8,True,7.4,23.0,3.108108108108108,True
41070,Serious Sam 3: BFE,2.1166666666666667,1383502410,62,7,0.11290322580645161,19.32096774193548,2.3,True,10.05,28.81,2.8666666666666663,True
41100,Hammerfight,0.05,1379225120,0,0,0.0,0.0,0.0,False,4.21,11.75,2.790973871733967,True
42140,Hamilton's Great Adventure,0.06666666666666667,1404391520,26,1,0.038461538461538464,8.226923076923077,3.4,False,4.95,11.47,2.317171717171717,True
42160,War of the Roses,0.0,0,21,0,0.0,12.576190476190478,6.2,False,8.2,50.0,6.097560975609756,True
42170,Krater,0.0,0,41,0,0.0,9.390243902439023,1.4,True,17.4,46.78,2.688505747126437,True
42910,Magicka,2.45,1378828888,88,17,0.19318181818181818,19.4375,0.8,True,10.41,45.34,4.355427473583093,True
43110,Metro 2033,0.016666666666666666,1467658991,48,0,0.0,14.475000000000003,3.4,False,9.52,20.73,2.1775210084033616,True
44350,GRID 2,1.35,1478295266,60,4,0.06666666666666667,15.871666666666671,5.6,True,19.96,33.85,1.6958917835671343,True
45400,Fortix,0.8333333333333334,1478356986,12,4,0.3333333333333333,29.783333333333335,7.3,False,1.96,7.24,3.6938775510204085,True
45410,Ignite,0.05,1379182682,28,0,0.0,15.357142857142856,5.6,True,3.1,10.07,3.2483870967741937,True
45450,Fortix 2,0.0,0,26,0,0.0,19.98846153846154,3.5,False,3.19,15.69,4.918495297805642,True
45740,Dead Rising 2,0.7666666666666667,1426793147,50,0,0.0,7.106,1.5,True,14.35,50.53,3.521254355400697,True
45770,Dead Rising 2: Off the Record,0.0,0,50,0,0.0,13.264000000000008,1.9,True,13.07,39.28,3.005355776587605,True
46000,Bob Came in Pieces,0.0,0,81,0,0.0,8.13580246913581,1.0,False,4.24,8.23,1.9410377358490567,True
46260,Star Wolves 3: Civil War,0.0,0,0,0,0.0,0.0,0.0,False,0.0,89.65,1.0,True
47780,Dead Space 2,0.0,0,0,0,0.0,0.0,0.0,False,9.09,16.27,1.78987898789879,True
47810,Dragon Age: Origins - Ultimate Edition,0.0,0,0,0,0.0,0.0,0.0,False,49.37,104.28,2.1122138950779825,True
48000,LIMBO,2.1333333333333333,1380915810,13,2,0.15384615384615385,16.292307692307695,2.4,False,2.1710000000000003,2.1710000000000003,1.0,False
48900,Saira,0.0,0,0,0,0.0,0.0,0.0,False,4.44,4.65,1.0472972972972974,True
49520,Borderlands 2,52.0,1508511725,75,36,0.48,23.33599999999999,1.2,False,30.09,130.1,4.323695579926886,True
49600,Beat Hazard,6.6,1421961414,63,33,0.5238095238095238,17.30952380952381,1.4,False,4.63,25.54,5.5161987041036715,True
50130,Mafia II (Classic),19.85,1461493203,67,34,0.5074626865671642,32.617910447761204,2.4,False,11.189,11.189,1.0,False
50300,Spec Ops: The Line,0.7666666666666667,1407665077,50,4,0.08,33.946,3.6,False,6.12,16.3,2.6633986928104574,True
50620,Darksiders,1.05,1463683322,43,0,0.0,19.962790697674418,2.6,False,17.07,27.99,1.6397188049209137,True
50650,Darksiders II,9.65,1381075844,50,14,0.28,25.476000000000003,1.7,False,21.54,45.73,2.1230269266480963,True
55100,Homefront,0.0,0,47,0,0.0,15.936170212765955,3.1,True,4.16,9.64,2.3173076923076925,True
55110,Red Faction: Armageddon,0.0,0,58,0,0.0,18.562068965517245,2.0,False,8.03,19.8,2.4657534246575343,True
55150,"Warhammer 40,000: Space Marine - Anniversary Edition",0.0,0,60,0,0.0,21.94666666666667,1.6,True,7.59,22.01,2.899868247694335,True
55230,Saints Row: The Third,1.0166666666666666,1390045434,83,5,0.060240963855421686,20.119277108433742,3.2,True,15.4,45.75,2.9707792207792205,True
57300,Amnesia: The Dark Descent,1.7833333333333334,1449239296,18,0,0.0,7.394444444444444,2.1,False,7.95,11.71,1.4729559748427674,True
58230,MacGuffin's Curse,0.0,0,15,0,0.0,11.1,6.1,True,11.23,15.47,1.377560106856634,True
63000,HOARD,0.0,0,129,0,0.0,16.17441860465116,1.0,True,21.543000000000003,21.543000000000003,1.0,False
65300,Dustforce,0.0,0,1,0,0.0,0.5,0.5,False,29.69,42.83,1.442573256988885,True
65530,SpellForce 2 - Faith in Destiny,0.0,0,0,0,0.0,0.0,0.0,False,3.38,0.0,0.0,True
65930,The Bureau: XCOM Declassified,0.0,0,41,0,0.0,16.590243902439024,2.5,False,10.56,17.68,1.674242424242424,True
67000,The Polynomial,0.11666666666666667,1397670567,14,2,0.14285714285714285,10.249999999999996,0.9,False,0.43,4.41,10.255813953488373,True
70000,Dino D-Day,0.0,0,77,0,0.0,7.946753246753248,2.8,True,5.95,14.2,2.3865546218487395,True
70300,VVVVVV,1.15,1425221762,19,0,0.0,3.273684210526316,0.9,False,2.4,4.84,2.0166666666666666,True
70400,Recettear: An Item Shop's Tale,0.4666666666666667,1566140570,0,0,0.0,0.0,0.0,False,13.24,49.72,3.755287009063444,True
70600,Worms Ultimate Mayhem,0.0,0,38,0,0.0,4.976315789473681,1.2,True,7.17,21.66,3.0209205020920504,True
70620,Worms Crazy Golf,0.0,0,29,0,0.0,35.22413793103449,3.2,True,3.95,12.02,3.043037974683544,True
70640,Worms,0.0,0,0,0,0.0,0.0,0.0,False,3.93,12.37,3.1475826972010177,True
70650,Worms Blast,0.0,0,0,0,0.0,0.0,0.0,False,6.62,14.0,2.1148036253776437,True
70660,Worms Pinball,0.0,0,0,0,0.0,0.0,0.0,False,0.17,1.23,7.235294117647058,True
71230,Crazy Taxi,0.25,1425311377,12,0,0.0,10.100000000000001,2.9,False,2.58,6.45,2.5,True
71240,SEGA Bass Fishing,0.0,0,12,0,0.0,7.550000000000001,2.4,False,0.0,0.0,1.0,True
71250,Sonic Adventure DX,0.13333333333333333,1420389111,15,0,0.0,21.093333333333337,3.0,False,9.08,34.09,3.7544052863436126,True
71260,Space Channel 5: Part 2,0.0,0,12,0,0.0,11.449999999999996,2.2,False,2.7,10.45,3.87037037037037,True
71340,Sonic Generations,0.0,0,49,0,0.0,25.818367346938768,2.8,False,5.41,23.73,4.3863216266173755,True
72400,Clones,0.0,0,64,0,0.0,4.353125000000007,3.7,True,0.0,0.0,1.0,True
72410,Clones Demo,0.0,0,0,0,0.0,0.0,0.0,False,0.0,0.0,1.0,False
72850,The Elder Scrolls V: Skyrim,108.35,1425311875,75,58,0.7733333333333333,31.217333333333347,3.6,False,34.69,237.39,6.843182473335255,True
80300,Puzzle Bots,0.0,0,0,0,0.0,0.0,0.0,False,2.48,2.82,1.1370967741935483,True
91310,Dead Island,1.6166666666666667,1410550267,48,1,0.020833333333333332,24.868749999999988,2.5,True,18.36,48.6,2.647058823529412,True
92800,SpaceChem,0.38333333333333336,1565980548,20,0,0.0,10.315,5.7,False,41.52,65.91,1.5874277456647397,True
94300,The Dream Machine,0.0,0,46,0,0.0,8.77391304347826,6.1,False,13.28,17.16,1.2921686746987953,True
94500,Back to the Future: Ep 2 - Get Tannen!,0.0,0,0,0,0.0,0.0,0.0,False,2.25,2.71,1.2044444444444444,True
94510,Back to the Future: Ep 3 - Citizen Brown,0.0,0,0,0,0.0,0.0,0.0,False,2.37,2.62,1.1054852320675106,True
94520,Back to the Future: Ep 4 - Double Visions,0.0,0,0,0,0.0,0.0,0.0,False,2.51,2.85,1.1354581673306774,True
94530,Back to the Future: Ep 5 - OUTATIME,0.0,0,0,0,0.0,0.0,0.0,False,2.37,2.78,1.1729957805907172,True
94590,Puzzle Agent 2,0.0,0,52,0,0.0,59.12115384615384,12.5,False,3.17,4.15,1.3091482649842272,True
96300,Ravaged Zombie Apocalypse,0.0,0,62,0,0.0,4.629032258064516,0.6,False,2.35,20.0,8.51063829787234,True
98800,Dungeons of Dredmor,0.23333333333333334,1392368903,123,1,0.008130081300813009,11.247154471544716,0.0,False,18.49,81.47,4.406165494862088,True
98900,Alien Hallway,0.0,0,20,0,0.0,43.78000000000001,17.8,False,2.22,5.32,2.3963963963963963,True
99400,Garshasp: The Monster Slayer,0.0,0,36,0,0.0,18.647222222222226,4.4,False,3.42,7.36,2.1520467836257313,True
99410,Garshasp: Temple of the Dragon,0.0,0,0,0,0.0,0.0,0.0,False,1.48,1.48,1.0,True
104200,BEEP,0.0,0,0,0,0.0,0.0,0.0,False,5.27,6.91,1.3111954459203037,True
105600,Terraria,55.53333333333333,1690480726,137,30,0.21897810218978103,26.719708029197086,0.4,False,51.79,205.65,3.970843792237884,True
107100,Bastion,0.18333333333333332,1404496532,24,0,0.0,17.93333333333333,1.6,False,6.24,20.47,3.2804487179487176,True
107300,Breath of Death VII ,0.5166666666666667,1383254321,0,0,0.0,0.0,0.0,False,5.16,7.1,1.375968992248062,True
107310,Cthulhu Saves the World ,0.7666666666666667,1383495238,0,0,0.0,0.0,0.0,False,7.71,13.69,1.775616083009079,True
108710,Alan Wake,0.5166666666666667,1502490961,67,2,0.029850746268656716,20.50746268656716,2.4,False,11.18,27.32,2.4436493738819323,True
113200,The Binding of Isaac,19.266666666666666,1415193462,99,38,0.3838383838383838,14.597979797979788,1.6,False,10.88,141.03,12.962316176470587,True
115100,Costume Quest,0.06666666666666667,1391776269,21,0,0.0,27.095238095238102,10.5,True,5.55,7.46,1.3441441441441442,True
115110,Stacking,0.0,0,21,0,0.0,14.633333333333335,7.4,False,3.98,9.03,2.2688442211055273,True
200170,Worms Revolution,0.0,0,34,0,0.0,10.300000000000002,1.0,True,18.92,49.87,2.6358350951374203,True
200260,Batman: Arkham City GOTY,20.683333333333334,1429460345,64,33,0.515625,22.581250000000004,2.4,False,13.5,59.19,4.384444444444444,True
200710,Torchlight II,0.0,0,119,0,0.0,26.894117647058827,0.7,True,20.75,80.21,3.8655421686746987,True
200900,Cave Story+,0.05,1398437678,76,0,0.0,20.34868421052632,0.8,False,6.31,11.11,1.7606973058637083,True
201420,Toki Tori 2+,0.0,0,38,0,0.0,5.407894736842106,2.5,True,9.09,25.01,2.7513751375137514,True
201700,DiRT Showdown,0.0,0,49,0,0.0,14.195918367346934,3.0,True,9.01,19.82,2.199778024417314,True
201810,Wolfenstein: The New Order,2.4833333333333334,1497711663,50,15,0.3,34.788000000000004,4.5,False,11.37,24.32,2.13896218117854,True
201830,Jurassic Park: The Game,0.0,0,51,0,0.0,25.443137254901973,4.7,False,6.85,9.35,1.364963503649635,True
202070,Choplifter HD,0.0,0,12,0,0.0,8.0,2.3,True,5.58,15.55,2.7867383512544803,True
202170,Sleeping Dogs™,0.35,1383586156,59,0,0.0,24.991525423728824,2.0,False,9.853,9.853,1.0,False
202270,Leviathan: Warships,0.016666666666666666,1378413434,20,0,0.0,11.684999999999997,1.1,True,4.21,20.0,4.750593824228028,True
202750,Alan Wake's American Nightmare,0.0,0,12,0,0.0,26.875000000000004,6.0,False,3.62,8.54,2.3591160220994474,True
202970,Call of Duty: Black Ops II,0.9,1544016115,35,2,0.05714285714285714,20.54857142857144,1.9,False,7.06,31.11,4.406515580736544,True
202990,Call of Duty: Black Ops II - Multiplayer,25.483333333333334,1442859884,5,1,0.2,16.84,3.4,True,0.8350000000000001,0.8350000000000001,1.0,False
203160,Tomb Raider,0.0,0,50,0,0.0,20.188,1.8,True,11.32,20.91,1.8471731448763251,True
203630,Warlock - Master of the Arcane,0.1,1378413290,0,0,0.0,0.0,0.0,False,0.0,0.0,1.0,False
203750,Binary Domain,0.0,0,49,0,0.0,21.159183673469386,2.6,True,9.24,20.18,2.1839826839826837,True
203770,Crusader Kings II,3.9,1633528999,161,1,0.006211180124223602,2.52111801242236,1.2,False,67.06,421.46,6.284819564569042,True
204080,The Showdown Effect,0.2,1379698370,25,0,0.0,6.999999999999999,1.6,False,3.35,10.33,3.083582089552239,True
204240,The Bridge,0.0,0,20,0,0.0,13.214999999999998,3.2,False,3.47,7.49,2.15850144092219,True
205100,Dishonored,11.1,1474126983,80,20,0.25,18.06875,1.2,False,12.15,37.72,3.1045267489711934,True
205650,The Testament of Sherlock Holmes,0.05,1611760503,32,0,0.0,33.596875000000004,5.9,False,12.15,13.48,1.1094650205761316,True
205910,Tiny and Big: Grandpa's Leftovers,0.0,0,53,0,0.0,14.813207547169807,2.0,False,2.59,12.02,4.640926640926641,True
205950,Jet Set Radio,0.03333333333333333,1417296723,30,1,0.03333333333333333,12.386666666666668,2.0,False,6.83,20.63,3.0204978038067347,True
206190,Gunpoint,2.7,1425901283,42,21,0.5,34.44285714285714,4.9,False,3.04,6.5,2.138157894736842,True
206440,To the Moon,5.283333333333333,1452880000,1,1,1.0,27.3,27.3,False,4.12,4.62,1.1213592233009708,True
206980,War of the Roses Balance Beta,0.0,0,0,0,0.0,0.0,0.0,False,0.0,0.0,1.0,False
207140,SpeedRunners,0.0,0,29,0,0.0,25.499999999999996,0.9,False,2.15,15.72,7.311627906976745,True
207370,eXceed - Gun Bullet Children,2.25,1387286877,0,0,0.0,0.0,0.0,False,1.42,1.62,1.1408450704225352,True
207380,eXceed 2nd - Vampire REX,4.366666666666666,1438352830,0,0,0.0,0.0,0.0,False,1.0,3.0,3.0,True
207400,eXceed 3rd - Jade Penetrate Black Package,0.55,1427916107,0,0,0.0,0.0,0.0,False,2.11,9.0,4.265402843601896,True
207430,"Hack, Slash, Loot",0.0,0,18,0,0.0,6.438888888888889,0.2,False,1.55,62.1,40.064516129032256,True
207610,The Walking Dead,0.0,0,48,0,0.0,44.67291666666669,12.8,False,0.53,0.0,0.0,True
207650,A Virus Named TOM,0.2833333333333333,1379705315,47,1,0.02127659574468085,5.4042553191489375,1.7,True,4.12,26.88,6.524271844660194,True
208200,DOOM 3: BFG Edition,0.2,1470551853,65,1,0.015384615384615385,9.001538461538466,1.6,True,9.62,37.92,3.9417879417879425,True
208480,Assassin's Creed® III,10.85,1442403842,44,0,0.0,1.0500000000000003,0.2,False,7.348000000000001,7.348000000000001,1.0,False
208610,Skullgirls ∞Endless Beta∞,0.43333333333333335,1378329178,0,0,0.0,0.0,0.0,False,0.0,0.0,1.0,False
208650,Batman™: Arkham Knight,47.11666666666667,1623311273,113,82,0.7256637168141593,20.8221238938053,1.7,False,18.871000000000002,18.871000000000002,1.0,False
209000,Batman™: Arkham Origins,18.433333333333334,1414756658,60,18,0.3,14.385,1.7,True,10.020000000000001,10.020000000000001,1.0,False
209060,Drunken Robot Pornography,0.5,1444121583,11,2,0.18181818181818182,20.963636363636365,1.3,False,4.19,6.63,1.5823389021479712,True
209080,Guns of Icarus Online,1.5666666666666667,1432907190,849,0,0.0,0.9680800942285054,0.0,False,6.02,0.0,0.0,True
209540,Strike Suit Zero,0.0,0,27,0,0.0,12.39629629629629,0.8,False,7.56,16.78,2.21957671957672,True
209630,Magrunner: Dark Pulse,0.0,0,24,0,0.0,28.20833333333333,8.9,False,8.45,10.73,1.2698224852071007,True
210770,Sanctum 2,0.0,0,50,0,0.0,12.167999999999996,1.8,True,12.09,57.76,4.777502067824648,True
211010,Alien Shooter 2 Conscription,0.0,0,0,0,0.0,0.0,0.0,False,2.19,4.24,1.9360730593607307,True
211160,Viking: Battle for Asgard,0.0,0,50,0,0.0,14.232000000000003,3.6,False,13.34,19.73,1.4790104947526237,True
211420,DARK SOULS™: Prepare To Die Edition,6.983333333333333,1486843712,41,5,0.12195121951219512,20.204878048780486,3.2,False,6.847,6.847,1.0,False
211500,RaceRoom Racing Experience ,0.0,0,0,0,0.0,0.0,0.0,False,8.5,0.0,0.0,True
211820,Starbound,19.083333333333332,1551648193,51,14,0.27450980392156865,21.72549019607842,1.0,False,25.0,166.01,6.6404,True
212480,Sonic & All-Stars Racing Transformed Collection,0.45,1461489406,50,0,0.0,18.598000000000003,1.2,False,8.35,8.35,1.0,False
212680,FTL: Faster Than Light,0.16666666666666666,1392370189,51,0,0.0,14.592156862745096,2.6,False,12.08,112.86,9.342715231788079,True
212910,Call of Duty: Black Ops II - Zombies,0.7666666666666667,1430923014,50,0,0.0,6.644,1.8,False,8.35,8.35,1.0,False
213670,South Park™: The Stick of Truth™,4.766666666666667,1771191867,50,3,0.06,27.522000000000006,2.9,False,8.35,8.35,1.0,False
214360,Tower Wars,0.0,0,35,0,0.0,4.802857142857142,0.0,True,3.55,15.5,4.366197183098592,True
214490,Alien: Isolation,0.0,0,50,0,0.0,29.584000000000007,1.9,False,18.29,34.06,1.862219792236195,True
214510,LEGO® The Lord of the Rings™,0.0,0,48,0,0.0,19.37083333333334,4.6,True,8.016,8.016,1.0,False
214550,Eets Munchies,0.0,0,14,0,0.0,12.72142857142857,3.7,False,1.31,3.77,2.877862595419847,True
214560,Mark of the Ninja,2.216666666666667,1379327806,38,4,0.10526315789473684,21.726315789473688,2.6,False,8.39,20.96,2.498212157330155,True
214590,Fairy Bloom Freesia,0.0,0,50,0,0.0,12.911999999999999,2.3,False,2.94,18.74,6.374149659863945,True
214610,Cherry Tree High Comedy Club,0.0,0,0,0,0.0,0.0,0.0,False,3.53,7.22,2.045325779036827,True
214770,Guacamelee! Gold Edition,0.0,0,60,0,0.0,25.23,2.3,True,6.17,14.44,2.340356564019449,True
214790,The Basement Collection,0.0,0,53,0,0.0,11.226415094339615,1.8,False,6.22,34.87,5.606109324758842,True
214830,Half Minute Hero: Super Mega Neo Climax Ultimate Boy,0.0,0,35,0,0.0,14.088571428571425,0.7,True,4.83,24.93,5.161490683229814,True
214870,Painkiller Hell & Damnation,0.0,0,107,0,0.0,7.400934579439251,1.7,True,4.78,27.95,5.847280334728033,True
215510,Rocketbirds: Hardboiled Chicken,0.3,1404249310,29,1,0.034482758620689655,12.779310344827591,1.8,True,3.49,8.16,2.3381088825214897,True
215670,Home,0.8833333333333333,1404410350,12,0,0.0,5.4750000000000005,2.1,False,1.15,2.87,2.4956521739130437,True
217200,Worms Armageddon,3.433333333333333,1481248156,0,0,0.0,0.0,0.0,False,8.33,25.08,3.010804321728691,True
218060,BIT.TRIP Presents... Runner2: Future Legend of Rhythm Alien,0.6833333333333333,1423257579,26,2,0.07692307692307693,19.43461538461539,2.2,False,4.3420000000000005,4.3420000000000005,1.0,False
218130,Dungeonland,0.4,1378486365,53,2,0.03773584905660377,13.241509433962268,7.2,False,1.0,1.08,1.08,True
218620,PAYDAY 2,4.583333333333333,1563306532,1328,18,0.01355421686746988,7.2431475903614375,0.6,True,221.776,221.776,1.0,False
218740,Pid ,0.0,0,12,0,0.0,14.808333333333335,4.0,False,9.48,17.62,1.858649789029536,True
219150,Hotline Miami,9.633333333333333,1527878520,35,29,0.8285714285714286,24.311428571428568,4.1,False,5.24,15.42,2.9427480916030535,True
219640,Chivalry: Medieval Warfare,0.0,0,49,0,0.0,8.004081632653067,1.4,False,13.61,172.15,12.648787656135196,True
219890,Antichamber,1.1833333333333333,1419443720,0,0,0.0,0.0,0.0,False,5.92,8.85,1.4949324324324325,True
219910,Edna & Harvey: Harvey's New Eyes,1.2833333333333334,1383497119,29,0,0.0,14.027586206896553,5.5,False,7.51,9.72,1.2942743009320907,True
219950,NiGHTS into Dreams...,0.0,0,13,0,0.0,17.484615384615385,6.1,False,2.49,6.4,2.570281124497992,True
219990,Grim Dawn,0.0,0,185,0,0.0,11.8681081081081,0.6,False,21.54,242.82,11.272980501392757,True
220700,RPG Maker VX Ace,1.5166666666666666,1398958143,0,0,0.0,0.0,0.0,False,20.42,112.98,5.53281096963761,True
220780,Thomas Was Alone,4.216666666666667,1398687654,35,35,1.0,41.38285714285713,19.1,False,3.53,4.17,1.1813031161473089,True
220820,Zombie Driver HD,0.15,1379681753,103,1,0.009708737864077669,12.584466019417476,4.8,False,5.23,18.68,3.5717017208413,True
220860,McPixel,2.55,1484422933,0,0,0.0,0.0,0.0,False,1.67,3.58,2.1437125748502996,True
221020,Towns,0.0,0,0,0,0.0,0.0,0.0,False,16.2,0.0,0.0,True
221100,DayZ,1.3666666666666667,1420814145,13,0,0.0,9.484615384615385,0.4,False,50.77,133.64,2.632263147528067,True
221380,Age of Empires II (2013),9.3,1492440896,294,16,0.05442176870748299,8.77108843537414,0.4,True,49.098000000000006,49.098000000000006,1.0,False
221640,Super Hexagon,4.05,1462453525,6,2,0.3333333333333333,18.049999999999997,6.0,False,5.18,17.43,3.364864864864865,True
222730,Reus,0.0,0,123,0,0.0,11.834959349593507,0.9,False,8.13,67.94,8.35670356703567,True
222880,Insurgency,0.9,1417196770,100,2,0.02,9.004999999999997,2.6,True,12.79,59.27,4.634089132134481,True
222980,Dead Pixels,0.2,1383251888,30,0,0.0,12.553333333333333,3.4,True,2.03,14.66,7.221674876847292,True
223470,POSTAL 2,1.0666666666666667,1409344443,89,2,0.02247191011235955,15.820224719101116,3.0,False,0.0,0.0,1.0,True
224420,Afterfall InSanity Extended Edition,0.0,0,44,0,0.0,8.400000000000002,5.6,False,6.71,16.29,2.427719821162444,True
224460,Contrast,0.21666666666666667,1537800129,22,3,0.13636363636363635,46.00000000000001,14.6,False,3.26,4.15,1.2730061349693254,True
224480,Octodad: Dadliest Catch,0.0,0,32,0,0.0,10.862499999999999,2.6,False,2.42,7.76,3.206611570247934,True
224760,FEZ,1.25,1378914279,12,3,0.25,24.45,7.7,False,0.21,0.25,1.1904761904761905,True
225140,Duke Nukem 3D: Megaton Edition,0.06666666666666667,1389369509,20,0,0.0,13.405000000000005,2.1,True,10.59,21.31,2.012275731822474,True
225160,Shadow Warrior Classic Redux,0.0,0,20,0,0.0,15.764999999999997,6.5,False,9.01,15.44,1.7136514983351832,True
225260,Brütal Legend,1.0166666666666666,1478334844,59,1,0.01694915254237288,9.962711864406785,2.0,True,9.23,24.84,2.6912242686890573,True
225280,Full Mojo Rampage,0.0,0,25,0,0.0,10.471999999999996,0.9,True,7.0,21.34,3.0485714285714285,True
227080,Papo & Yo,1.0833333333333333,1390076271,10,4,0.4,29.169999999999998,5.5,False,3.37,6.09,1.8071216617210681,True
227280,No Time to Explain,0.016666666666666666,1417532523,9,0,0.0,6.2,2.6,False,0.0,0.0,1.0,True
227300,Euro Truck Simulator 2,50.666666666666664,1705866812,106,12,0.11320754716981132,8.62641509433962,0.1,True,45.91,457.98,9.975604443476367,True
228280,Baldur's Gate: Enhanced Edition,2.433333333333333,1692447135,129,2,0.015503875968992248,7.564341085271318,0.5,False,31.25,95.33,3.05056,True
228400,ACE COMBAT™ ASSAULT HORIZON Enhanced Edition,6.716666666666667,1417910174,50,24,0.48,16.826,1.2,True,8.35,8.35,1.0,False
230050,DLC Quest,2.75,1404315422,22,20,0.9090909090909091,49.059090909090905,3.6,False,1.2,2.24,1.866666666666667,True
230700,La-Mulana,0.05,1390336637,64,0,0.0,8.90781250000001,0.7,False,21.0,66.4,3.161904761904762,True
231200,Kentucky Route Zero,0.8,1392491944,24,0,0.0,8.508333333333335,1.0,False,8.92,13.36,1.4977578475336322,True
231430,Company of Heroes 2,0.0,0,452,0,0.0,5.317920353982306,0.8,True,15.79,64.01,4.053831538948702,True
232770,POSTAL,0.05,1378549477,27,2,0.07407407407407407,19.207407407407405,6.3,False,0.0,0.0,1.0,True
232790,Broken Age,0.6333333333333333,1392489927,45,0,0.0,19.722222222222225,1.2,False,6.04,8.54,1.4139072847682117,True
233130,Shadow Warrior,1.15,1502026787,92,3,0.03260869565217391,15.331521739130439,2.2,False,12.28,35.91,2.9242671009771986,True
233450,Prison Architect,17.083333333333332,1541508745,18,0,0.0,9.4,0.7,True,17.0,70.2,4.129411764705883,True
233720,Surgeon Simulator,4.0,1460821651,123,8,0.06504065040650407,7.582113821138215,0.9,False,3.27,15.23,4.657492354740061,True
233840,Worms Clan Wars,3.5,1430061952,14,3,0.21428571428571427,13.76428571428571,1.7,True,8.07,16.43,2.035935563816605,True
234140,Mad Max,1.25,1522917191,49,4,0.08163265306122448,28.92653061224489,2.5,False,20.1,61.63,3.066169154228856,True
234190,Receiver,0.0,0,0,0,0.0,0.0,0.0,False,3.23,6.17,1.910216718266254,True
234390,Teleglitch: Die More Edition,0.0,0,39,0,0.0,5.025641025641028,1.6,False,5.4,17.8,3.2962962962962963,True
234650,Shadowrun Returns,0.0,0,0,0,0.0,0.0,0.0,False,11.6,17.77,1.5318965517241379,True
234710,Poker Night 2,0.0,0,18,0,0.0,48.07222222222222,15.3,False,5.12,14.61,2.853515625,True
234940,The 39 Steps,0.45,1390584190,20,0,0.0,9.17,7.9,False,4.09,4.86,1.1882640586797066,True
235250,Super Sanctum TD,0.06666666666666667,1401740407,27,1,0.037037037037037035,19.97407407407408,4.8,False,8.08,26.26,3.25,True
235800,Audiosurf 2,0.75,1570993359,14,3,0.21428571428571427,18.735714285714288,1.0,False,10.68,280.5,26.264044943820224,True
236830,Red Orchestra 2: Heroes of Stalingrad - Single Player,0.35,1488011574,29,1,0.034482758620689655,13.531034482758615,3.7,False,4.843,4.843,1.0,False
237110,Mortal Kombat Komplete Edition,10.7,1496431141,50,10,0.2,10.979999999999995,2.3,True,8.83,72.84,8.249150622876558,True
237740,Angry Video Game Nerd Adventures,0.15,1424007616,19,0,0.0,13.96315789473684,1.0,False,3.06,4.97,1.6241830065359475,True
237760,Intake,0.016666666666666666,1416898345,77,0,0.0,10.77532467532467,1.7,False,2.13,0.0,0.0,True
238320,Outlast,0.45,1687457788,14,0,0.0,16.78571428571429,2.8,False,5.14,11.43,2.2237354085603114,True
238370,Magicka 2,4.016666666666667,1598641128,47,8,0.1702127659574468,10.31063829787234,0.9,False,6.16,33.38,5.418831168831169,True
239030,"Papers, Please",5.9,1766781707,13,3,0.23076923076923078,20.16153846153846,7.3,False,5.02,16.11,3.209163346613546,True
239200,Amnesia: A Machine for Pigs,0.0,0,7,0,0.0,17.657142857142855,8.0,False,4.14,5.9,1.42512077294686,True
239350,Spelunky,4.966666666666667,1425222117,20,3,0.15,13.39,1.4,False,20.26,96.98,4.786771964461994,True
239450,Gun Monkeys,0.0,0,8,0,0.0,9.3375,4.5,False,0.83,6.89,8.301204819277109,True
239820,Game Dev Tycoon,0.5333333333333333,1418422445,35,2,0.05714285714285714,34.642857142857146,1.5,False,8.61,25.9,3.008130081300813,True
240760,Wasteland 2,0.0,0,46,0,0.0,5.467391304347827,0.5,False,40.77,100.09,2.4549914152563157,True
241260,Sherlock Holmes: Crimes and Punishments,15.466666666666667,1413143028,25,21,0.84,30.084,2.7,True,12.6,15.45,1.2261904761904763,True
241320,Ittle Dew,1.4666666666666666,1574533832,15,1,0.06666666666666667,12.860000000000003,2.6,False,2.8,7.83,2.7964285714285717,True
241410,CastleStorm,0.26666666666666666,1389384769,46,0,0.0,25.410869565217382,1.5,True,7.05,20.55,2.914893617021277,True
241600,Rogue Legacy,13.183333333333334,1485616111,29,11,0.3793103448275862,29.56206896551725,1.2,False,16.45,38.96,2.3683890577507603,True
241930,Middle-earth™: Shadow of Mordor™,26.083333333333332,1488035085,74,45,0.6081081081081081,26.821621621621613,1.4,False,12.358,12.358,1.0,False
242110,Joe Danger 2: The Movie,0.16666666666666666,1389368779,38,1,0.02631578947368421,5.34473684210526,1.2,True,2.37,13.72,5.789029535864979,True
242640,Styx: Master of Shadows,0.3,1478296282,33,0,0.0,17.242424242424246,2.8,True,17.02,41.37,2.4306698002350173,True
242680,Nuclear Throne,0.0,0,59,0,0.0,15.562711864406785,0.5,False,17.02,190.6,11.198589894242069,True
242760,The Forest,2.9166666666666665,1446225651,45,0,0.0,19.922222222222224,1.6,True,15.71,58.65,3.7332908975175045,True
244870,Electronic Super Joy,2.5166666666666666,1476450003,37,2,0.05405405405405406,5.8108108108108105,1.4,False,3.21,16.04,4.996884735202492,True
245170,Skullgirls 2nd Encore,4.3,1404213245,45,0,0.0,2.960000000000002,0.3,False,3.21,68.26,21.264797507788163,True
246420,Kingdom Rush,0.55,1390081929,74,6,0.08108108108108109,47.82837837837837,13.8,False,8.14,34.03,4.18058968058968,True
246580,The Typing of The Dead: Overkill,2.8,1432759207,33,6,0.18181818181818182,16.875757575757575,0.6,False,3.91,22.58,5.774936061381074,True
246620,Plague Inc: Evolved,0.6166666666666667,1580304329,250,5,0.02,8.812800000000008,0.1,True,3.57,54.81,15.352941176470589,True
247020,"Cook, Serve, Delicious!",8.583333333333334,1475674489,52,5,0.09615384615384616,9.740384615384615,1.8,False,18.9,37.05,1.9603174603174602,True
247080,Crypt of the NecroDancer,6.85,1493149021,61,1,0.01639344262295082,2.690163934426229,0.1,True,13.93,393.35,28.237616654702084,True
247950,Sacred 3,0.0,0,45,0,0.0,8.842222222222224,1.1,True,8.63,16.48,1.9096176129779836,True
248190,Knytt Underground,0.0,0,20,0,0.0,3.9550000000000005,3.2,False,9.79,25.77,2.6322778345250257,True
248310,Freedom Planet,0.0,0,56,0,0.0,8.707142857142854,1.9,False,4.79,22.05,4.603340292275575,True
249050,Dungeon of the ENDLESS™,0.0,0,33,0,0.0,8.554545454545456,0.7,True,5.511,5.511,1.0,False
249630,Delver,0.0,0,26,0,0.0,11.665384615384614,1.0,False,1.77,0.0,0.0,True
249650,Blackguards,0.0,0,45,0,0.0,8.208888888888882,1.4,False,40.9,58.23,1.4237163814180929,True
250180,METAL SLUG 3,1.7833333333333334,1530658978,30,13,0.43333333333333335,31.776666666666657,1.1,True,1.44,4.45,3.090277777777778,True
250260,Jazzpunk: Director's Cut,7.566666666666666,1450788183,24,12,0.5,37.020833333333336,14.4,False,2.08,3.63,1.7451923076923075,True
250320,The Wolf Among Us,0.0,0,35,0,0.0,60.4542857142857,7.7,False,8.62,10.95,1.2703016241299305,True
250500,Super Amazing Wagon Adventure,0.0,0,0,0,0.0,0.0,0.0,False,1.23,15.1,12.276422764227641,True
250580,Paranautical Activity: Deluxe Atonement Edition,0.06666666666666667,1391548835,45,0,0.0,5.92888888888889,1.1,False,7.515000000000001,7.515000000000001,1.0,False
250700,Super Time Force Ultra,0.0,0,33,0,0.0,17.733333333333338,1.4,False,4.52,15.43,3.4137168141592924,True
250900,The Binding of Isaac: Rebirth,118.2,1530660811,641,128,0.1996879875195008,23.115756630265192,2.6,True,5.63,387.09,68.75488454706927,True
251630,The Impossible Game,0.7666666666666667,1427967899,12,1,0.08333333333333333,20.4,5.6,False,2.04,4.94,2.4215686274509807,True
251830,Stick It To The Man!,0.38333333333333336,1408745763,16,0,0.0,23.55625,6.6,False,4.41,5.68,1.2879818594104306,True
251850,Master Reboot,0.0,0,20,0,0.0,12.375000000000002,3.1,False,4.13,6.64,1.6077481840193704,True
252110,Lovers in a Dangerous Spacetime,0.0,0,28,0,0.0,14.564285714285711,0.4,False,5.62,13.2,2.3487544483985765,True
252130,Divide by Sheep,0.13333333333333333,1495393993,19,2,0.10526315789473684,32.03684210526316,28.1,False,4.56,7.47,1.6381578947368423,True
252370,The Shivah,2.466666666666667,1413710323,10,4,0.4,23.7,10.9,False,1.79,2.51,1.4022346368715082,True
252410,SteamWorld Dig,4.583333333333333,1485686810,24,11,0.4583333333333333,22.600000000000005,2.6,False,5.04,8.42,1.6706349206349207,True
252950,Rocket League,46.18333333333333,1591479304,88,46,0.5227272727272727,39.35454545454544,3.7,True,4.66,105.48,22.63519313304721,True
253940,Septerra Core,0.0,0,0,0,0.0,0.0,0.0,False,48.93,58.99,1.205599836501124,True
254080,World War III: Black Gold,0.0,0,0,0,0.0,0.0,0.0,False,0.0,0.0,1.0,True
255370,KickBeat Steam Edition,0.016666666666666666,1416966115,42,0,0.0,10.854761904761908,1.2,False,7.014,7.014,1.0,False
255520,Viscera Cleanup Detail: Shadow Warrior,0.0,0,2,0,0.0,16.65,12.0,False,1.59,2.2,1.3836477987421385,True
255710,Cities: Skylines,2.2666666666666666,1560541989,135,7,0.05185185185185185,6.580740740740739,0.0,False,27.43,182.15,6.6405395552314985,True
257890,Frozen Hearth,0.0,0,0,0,0.0,0.0,0.0,False,0.0,0.0,1.0,True
258200,Talisman: Prologue,0.0,0,0,0,0.0,0.0,0.0,False,0.0,0.0,1.0,False
258520,The Vanishing of Ethan Carter,0.0,0,14,0,0.0,30.128571428571426,9.2,False,3.76,4.31,1.1462765957446808,True
259130,Wasteland 1 - The Original Classic,0.0,0,0,0,0.0,0.0,0.0,False,0.0,0.0,1.0,False
259760,Two Brothers,0.03333333333333333,1423046426,0,0,0.0,0.0,0.0,False,37.8,0.0,0.0,True
260750,Neighbours from Hell,0.08333333333333333,1444113603,0,0,0.0,0.0,0.0,False,3.42,5.46,1.5964912280701755,True
260770,Neighbours from Hell 2,0.0,0,0,0,0.0,0.0,0.0,False,2.66,3.75,1.4097744360902256,True
261110,Killer is Dead,0.0,0,48,0,0.0,12.59375,2.8,False,7.18,25.6,3.5654596100278555,True
261180,Lethal League,0.0,0,23,0,0.0,20.94347826086956,1.0,False,7.43,20.23,2.7227456258411844,True
261510,Tesla Effect,0.0,0,0,0,0.0,0.0,0.0,False,10.77,15.71,1.4586815227483751,True
261550,Mount & Blade II: Bannerlord,1.5333333333333334,1671209683,50,0,0.0,11.577999999999996,0.3,True,52.68,171.05,3.2469627942293093,True
261640,Borderlands: The Pre-Sequel,2.85,1508613425,63,4,0.06349206349206349,21.90793650793651,1.9,False,18.11,60.78,3.3561568194367752,True
262150,Vanguard Princess,0.1,1427404984,0,0,0.0,0.0,0.0,False,0.76,2.32,3.052631578947368,True
262280,Dungeons 2,0.0,0,25,0,0.0,23.616000000000003,2.2,True,15.5,28.24,1.8219354838709676,True
264200,One Finger Death Punch,6.3,1566141138,152,85,0.5592105263157895,30.32960526315791,1.1,False,7.07,35.95,5.084865629420085,True
264710,Subnautica,2.05,1595869708,17,2,0.11764705882352941,32.92352941176471,12.0,False,29.56,52.09,1.7621786197564278,True
264730,Deadly 30,0.2,1389445243,25,3,0.12,18.408000000000005,5.8,False,4.09,5.68,1.3887530562347188,True
265380,Grimind,0.0,0,15,0,0.0,4.613333333333334,4.0,False,4.92,7.08,1.4390243902439024,True
265590,The Red Solstice,0.0,0,73,0,0.0,5.398630136986301,4.0,False,14.89,0.0,0.0,True
265890,Hexcells,0.0,0,6,0,0.0,74.76666666666667,52.7,False,1.96,2.69,1.3724489795918366,True
265930,Goat Simulator,81.05,1578767736,127,32,0.25196850393700787,9.012598425196849,1.4,False,2.16,11.75,5.439814814814815,True
265950,Ether One,0.03333333333333333,1408809045,12,0,0.0,8.658333333333333,4.1,False,5.59,11.0,1.9677996422182469,True
266510,Hand of Fate,3.066666666666667,1497967017,53,7,0.1320754716981132,12.87547169811321,1.0,False,10.64,62.39,5.863721804511278,True
268870,Satellite Reign,0.0,0,40,0,0.0,7.5675,2.2,False,21.08,40.61,1.9264705882352942,True
268910,Cuphead,1.8,1591472196,42,4,0.09523809523809523,18.3904761904762,2.7,False,10.47,27.94,2.6685768863419295,True
269710,Tumblestone,0.0,0,28,0,0.0,8.217857142857142,8.0,True,24.5,35.0,1.4285714285714286,True
271500,Sniper Art of Victory,0.0,0,0,0,0.0,0.0,0.0,False,2.32,2.69,1.1594827586206897,True
271590,Grand Theft Auto V Legacy,100.38333333333334,1526406940,77,9,0.11688311688311688,17.814285714285703,4.1,True,12.859,12.859,1.0,False
271640,Humanity Asset,0.0,0,38,0,0.0,3.6447368421052633,3.5,False,0.0,21.88,1.0,True
271900,Hexcells Plus,0.0,0,6,0,0.0,72.5,50.0,False,9.04,9.99,1.1050884955752214,True
272600,Detective Grimoire,6.05,1621197060,9,9,1.0,52.266666666666666,27.0,False,2.44,3.07,1.2581967213114753,True
274170,Hotline Miami 2: Wrong Number,16.85,1590437780,29,21,0.7241379310344828,24.006896551724136,4.5,False,8.78,33.66,3.8337129840546695,True
274190,Broforce,5.75,1481393130,17,4,0.23529411764705882,17.400000000000002,1.1,False,7.21,17.61,2.4424410540915393,True
274310,Always Sometimes Monsters,3.9,1424110878,10,2,0.2,20.440000000000005,10.8,False,9.02,12.23,1.3558758314855877,True
274350,Dropsy,0.0,0,30,0,0.0,20.310000000000002,5.4,False,4.34,7.03,1.6198156682027651,True
274980,Influent,0.6333333333333333,1425081018,12,1,0.08333333333333333,7.116666666666666,2.9,False,5.76,10.02,1.7395833333333333,True
275390,Guacamelee! Super Turbo Championship Edition,0.0,0,30,0,0.0,26.62666666666667,14.4,False,7.02,15.82,2.2535612535612537,True
276810,Mordheim: City of the Damned,0.0,0,109,0,0.0,8.451376146788988,0.3,True,15.91,94.11,5.9151477058453805,True
278080,DYNASTY WARRIORS 8: Xtreme Legends Complete Edition,47.96666666666667,1596827002,44,9,0.20454545454545456,9.76136363636363,0.9,False,21.23,128.36,6.046161092793217,True
280040,A Wizard's Lizard,0.0,0,20,0,0.0,7.619999999999999,1.7,False,1.52,25.06,16.486842105263158,True
282070,This War of Mine,0.0,0,59,0,0.0,15.633898305084742,0.2,False,11.28,41.71,3.697695035460993,True
282900,Hyperdimension Neptunia Re;Birth1,75.13333333333334,1432796601,45,45,1.0,26.162222222222223,5.6,False,7.515000000000001,7.515000000000001,1.0,False
285010,Pixel Puzzles: UndeadZ,0.0,0,30,0,0.0,7.83,6.2,False,6.93,9.49,1.3694083694083694,True
285160,LEGO® The Hobbit™,0.0,0,39,0,0.0,19.42307692307692,5.0,True,6.513000000000001,6.513000000000001,1.0,False
285330,RollerCoaster Tycoon 2: Triple Thrill Pack,0.05,1475169224,0,0,0.0,0.0,0.0,False,19.37,91.83,4.74083634486319,True
285440,Crimzon Clover  WORLD IGNITION,1.9666666666666666,1449242215,35,16,0.45714285714285713,23.594285714285718,0.7,False,1.05,13.03,12.409523809523808,True
285820,Action Henk,0.0,0,21,0,0.0,11.176190476190474,1.6,True,4.14,30.91,7.466183574879228,True
285840,Enemy Mind,0.0,0,34,0,0.0,6.147058823529411,2.9,False,3.89,7.64,1.9640102827763495,True
285900,Gang Beasts,3.4,1518358971,19,6,0.3157894736842105,18.56315789473684,2.2,False,2.15,7.5,3.488372093023256,True
286160,Tabletop Simulator,0.08333333333333333,1598296724,26,0,0.0,12.157692307692308,0.2,False,9.86,1224.61,124.1997971602434,True
286570,F1 2015,0.0,0,45,0,0.0,6.8044444444444405,4.3,True,14.08,47.24,3.3551136363636367,True
289070,Sid Meier's Civilization VI,5.233333333333333,1633702937,320,5,0.015625,5.8284375000000015,0.2,True,23.31,387.6,16.62805662805663,True
289130,ENDLESS Legend™,0.0,0,139,0,0.0,5.689208633093525,0.6,True,23.213,23.213,1.0,False
289650,Assassin's Creed Unity,25.933333333333334,1517048830,57,0,0.0,6.940350877192982,0.5,True,17.21,80.09,4.653689715281813,True
290300,Rebel Galaxy,0.0,0,37,0,0.0,20.35945945945947,1.4,False,21.92,53.35,2.4338503649635035,True
292030,The Witcher 3: Wild Hunt,112.53333333333333,1621190708,78,50,0.6410256410256411,16.703846153846147,1.8,False,51.64,174.49,3.3789697908597986,True
292230,Game Character Hub,0.06666666666666667,1411120458,0,0,0.0,0.0,0.0,False,0.0,0.0,1.0,False
292910,Deponia: The Complete Journey,0.0,0,105,0,0.0,14.936190476190475,5.3,False,26.3,35.21,1.3387832699619773,True
293740,Road Not Taken,0.6166666666666667,1427390837,20,2,0.1,20.09,0.8,False,6.97,24.46,3.5093256814921094,True
293780,Crawl,0.0,0,45,0,0.0,5.948888888888887,0.4,False,1.21,13.74,11.355371900826446,True
294100,RimWorld,2.033333333333333,1632503286,0,0,0.0,0.0,0.0,False,63.58,300.56,4.7272727272727275,True
294440,Shadowgate,0.0,0,60,0,0.0,4.673333333333331,0.9,False,4.6,14.93,3.2456521739130437,True
295790,Never Alone (Kisima Ingitchuna),0.0,0,19,0,0.0,33.26842105263158,4.7,False,3.173,3.173,1.0,False
296710,Monstrum ,0.0,0,16,0,0.0,15.806250000000002,6.2,False,1.51,0.0,0.0,True
296970,Renowned Explorers: International Society,0.0,0,165,0,0.0,23.204242424242416,0.5,True,5.69,92.84,16.31634446397188,True
297130,Titan Souls,0.0,0,27,0,0.0,10.403703703703703,1.8,False,3.14,7.38,2.3503184713375793,True
298630,The Escapists,1.9833333333333334,1429876074,37,0,0.0,4.262162162162161,1.1,False,19.43,44.37,2.2835820895522385,True
299260,Commando Jack,0.0,0,0,0,0.0,0.0,0.0,False,3.37,0.0,0.0,True
300380,Road Redemption,0.0,0,55,0,0.0,11.618181818181816,1.0,False,5.71,36.73,6.4325744308231165,True
300570,Infinifactory,0.0,0,22,0,0.0,9.8,1.2,False,37.91,63.88,1.6850435241361121,True
300580,GALAK-Z,0.0,0,35,0,0.0,6.3685714285714266,0.6,False,5.845000000000001,5.845000000000001,1.0,False
301700,Numba Deluxe,0.0,0,0,0,0.0,0.0,0.0,False,2.81,3.97,1.4128113879003559,True
301750,RADical ROACH Remastered,0.0,0,35,0,0.0,3.68,2.6,False,1.15,2.83,2.4608695652173918,True
302310,Dungeon of Elements,0.0,0,66,0,0.0,4.6090909090909085,4.0,False,6.0,0.0,0.0,True
303210,The Beginner's Guide,0.43333333333333335,1475311597,0,0,0.0,0.0,0.0,False,1.54,1.7,1.103896103896104,True
303310,The House in Fata Morgana,0.55,1750699978,16,0,0.0,33.881249999999994,9.3,False,30.11,35.62,1.182995682497509,True
304410,Hexcells Infinite,0.0,0,7,0,0.0,62.942857142857136,31.7,False,5.45,18.47,3.388990825688073,True
307590,Penarium,0.0,0,24,0,0.0,14.137499999999998,3.4,False,2.35,6.61,2.8127659574468087,True
307780,Mortal Kombat X,17.083333333333332,1510405607,73,15,0.2054794520547945,12.741095890410964,1.5,True,5.69,69.23,12.166959578207381,True
308040,Back to Bed,0.0,0,20,0,0.0,8.614999999999998,4.4,False,1.38,3.73,2.7028985507246377,True
310070,The Nightmare Cooperative,0.0,0,0,0,0.0,0.0,0.0,False,1.07,1.72,1.6074766355140186,True
311210,Call of Duty: Black Ops III,0.0,0,98,0,0.0,10.371428571428572,6.0,True,9.03,84.67,9.376522702104099,True
311240,Zero Escape: Zero Time Dilemma,0.0,0,33,0,0.0,51.29999999999999,33.5,False,20.39,21.76,1.0671897989210397,True
311340,METAL GEAR SOLID V: GROUND ZEROES,0.0,0,16,0,0.0,17.318749999999998,3.8,False,2.672,2.672,1.0,False
311480,Vertical Drop Heroes HD,0.0,0,30,0,0.0,28.743333333333332,6.0,True,5.33,14.97,2.8086303939962476,True
311690,Enter the Gungeon,0.4666666666666667,1491233560,54,1,0.018518518518518517,14.16666666666667,3.4,False,22.46,160.05,7.1260017809439,True
313690,LEGO® Batman™ 3: Beyond Gotham,2.6,1496438736,70,3,0.04285714285714286,15.249999999999996,5.0,False,11.690000000000001,11.690000000000001,1.0,False
313740,Sakura Spirit,3.7333333333333334,1411240939,0,0,0.0,0.0,0.0,False,2.58,3.81,1.4767441860465116,True
314660,Oddworld: New 'n' Tasty,0.0,0,35,0,0.0,18.488571428571433,1.2,False,7.44,12.07,1.6223118279569892,True
316790,Grim Fandango Remastered,0.4666666666666667,1503084524,47,1,0.02127659574468085,24.627659574468076,3.9,False,10.94,12.03,1.09963436928702,True
317820,Guild of Dungeoneering Ultimate Edition,0.0,0,63,0,0.0,21.553968253968254,0.6,False,10.521,10.521,1.0,False
318600,The Flame in the Flood,0.0,0,36,0,0.0,6.5805555555555575,2.2,False,8.65,49.91,5.769942196531791,True
319510,Five Nights at Freddy's,1.2666666666666666,1452760537,0,0,0.0,0.0,0.0,False,2.17,4.82,2.221198156682028,True
321040,DiRT 3 Complete Edition,0.1,1478853811,60,0,0.0,9.34,2.1,True,15.38,40.7,2.64629388816645,True
321190,Cho Dengeki Stryker,22.0,1443908516,0,0,0.0,0.0,0.0,False,8.7,30.92,3.5540229885057477,True
321270,UNLOVED,0.0,0,95,0,0.0,6.310526315789479,2.7,False,6.03,74.61,12.373134328358208,True
321920,Schein,0.0,0,21,0,0.0,6.995238095238097,3.6,False,7.24,12.83,1.772099447513812,True
322330,Don't Starve Together,4.666666666666667,1483817113,0,0,0.0,0.0,0.0,False,34.13,213.71,6.2616466451801935,True
323380,The Magic Circle,0.0,0,14,0,0.0,19.892857142857142,2.5,False,3.66,9.15,2.5,True
323470,DRAGON BALL XENOVERSE,37.15,1464430704,50,24,0.48,24.009999999999994,1.2,True,8.35,8.35,1.0,False
323850,Move or Die,10.95,1612731989,66,29,0.4393939393939394,16.296969696969708,1.2,True,11.2,14.95,1.3348214285714286,True
325370,Nova-111,0.0,0,10,0,0.0,5.250000000000001,1.3,False,5.62,8.89,1.5818505338078293,True
326950,Sword of Asumi,0.2833333333333333,1427935433,22,0,0.0,14.200000000000001,9.1,False,2.09,4.26,2.0382775119617227,True
326990,Deep Eclipse,0.0,0,0,0,0.0,0.0,0.0,False,6.8,0.0,0.0,True
327510,WASTED,0.0,0,21,0,0.0,16.685714285714283,1.8,False,3.507,3.507,1.0,False
327890,I Am Bread,0.0,0,35,0,0.0,7.98,1.1,False,2.83,11.28,3.985865724381625,True
329460,JumpJet Rex,0.0,0,51,0,0.0,11.221568627450981,1.4,True,3.25,12.76,3.926153846153846,True
330830,Tales from the Borderlands,0.0,0,35,0,0.0,55.60857142857141,46.6,False,10.6,11.59,1.0933962264150943,True
331600,ONE PIECE PIRATE WARRIORS 3,64.43333333333334,1475354140,40,35,0.875,36.75750000000001,2.6,False,6.680000000000001,6.680000000000001,1.0,False
332500,GRAV,0.0,0,0,0,0.0,0.0,0.0,False,11.33,0.0,0.0,True
333220,Cherry Tree High I! My! Girls!,0.0,0,0,0,0.0,0.0,0.0,False,2.17,3.15,1.4516129032258065,True
333600,NEKOPARA Vol. 1,16.4,1744732441,14,14,1.0,53.86428571428572,33.0,False,4.61,5.57,1.20824295010846,True
333650,Pahelika: Revelations HD,0.0,0,18,0,0.0,18.561111111111114,11.6,False,3.0060000000000002,3.0060000000000002,1.0,False
333980,AKIBA'S TRIP: Undead & Undressed,1.2666666666666666,1516388742,46,1,0.021739130434782608,19.27826086956522,3.0,False,8.97,38.33,4.273132664437012,True
334940,Yoku's Island Express,0.0,0,31,0,0.0,28.483870967741943,6.9,False,5.66,11.29,1.9946996466431093,True
335300,DARK SOULS™ II: Scholar of the First Sin,0.0,0,38,0,0.0,35.55263157894737,6.1,False,6.346,6.346,1.0,False
335670,LISA,2.5,1487886764,68,6,0.08823529411764706,20.54264705882353,3.2,False,1.21,1.52,1.256198347107438,True
336020,Pahelika: Secret Legends,0.0,0,17,0,0.0,21.735294117647058,10.3,False,0.72,4.93,6.847222222222222,True
337150,Sentinels of the Multiverse,0.0,0,100,0,0.0,3.6599999999999993,0.3,True,2.39,181.48,75.93305439330543,True
337850,Avernum 2: Crystal Souls,0.0,0,35,0,0.0,19.637142857142855,2.1,False,37.37,91.82,2.457051110516457,True
339400,Runestone Keeper,0.0,0,80,0,0.0,26.44624999999998,1.5,False,7.74,0.0,0.0,True
339800,HuniePop,35.233333333333334,1461049111,20,9,0.45,26.669999999999998,3.6,False,9.53,34.29,3.598111227701994,True
341440,BANZAI PECAN: The Last Hope For the Young Century,0.0,0,28,0,0.0,18.699999999999996,6.3,False,1.33,0.0,0.0,True
341800,Keep Talking and Nobody Explodes,0.2833333333333333,1595254501,10,1,0.1,24.19,1.0,False,5.21,13.83,2.654510556621881,True
342020,BiT Evolution,0.0,0,14,0,0.0,8.328571428571427,2.1,False,3.94,12.88,3.269035532994924,True
342360,Train of Afterlife,0.11666666666666667,1430134390,0,0,0.0,0.0,0.0,False,0.58,3.56,6.137931034482759,True
342620,It came from space and ate our brains,0.0,0,57,0,0.0,10.464912280701757,0.6,True,4.46,41.8,9.37219730941704,True
343710,KHOLAT,0.0,0,20,0,0.0,11.770000000000001,9.0,False,3.3400000000000003,3.3400000000000003,1.0,False
343800,Shadowgate: MacVenture Series,0.0,0,0,0,0.0,0.0,0.0,False,2.0,3.24,1.62,True
345820,Shantae and the Pirate's Curse,0.3333333333333333,1457279446,44,1,0.022727272727272728,23.215909090909093,2.2,False,8.11,10.49,1.2934648581997534,True
346110,ARK: Survival Evolved,0.0,0,32,0,0.0,13.015625000000002,3.1,False,68.06,940.01,13.811489861886571,True
347160,Steredenn,0.0,0,37,0,0.0,19.532432432432426,1.3,False,1.91,24.44,12.795811518324609,True
347830,Fairy Fencer F,0.0,0,29,0,0.0,17.855172413793106,2.6,False,24.6,56.89,2.31260162601626,True
348550,GUILTY GEAR XX ACCENT CORE PLUS R,0.0,0,30,0,0.0,9.363333333333337,0.5,False,3.27,85.89,26.26605504587156,True
350080,Wolfenstein: The Old Blood ,0.45,1566431716,50,1,0.02,30.025999999999996,3.8,False,5.92,15.78,2.6655405405405403,True
350640,Sherlock Holmes: The Devil's Daughter,2.25,1499629421,25,4,0.16,27.184000000000005,8.9,False,10.16,12.32,1.2125984251968505,True
350810,Pixel Puzzles 2: Anime,18.266666666666666,1434565529,27,27,1.0,8.57777777777778,6.6,False,16.15,16.31,1.0099071207430341,True
350970,Planet of the Eyes,0.0,0,14,0,0.0,22.171428571428574,9.9,False,1.39,1.67,1.2014388489208634,True
351090,Regency Solitaire,0.15,1472040490,17,1,0.058823529411764705,43.3,13.9,False,8.68,12.4,1.4285714285714286,True
351250,Avalanche 2: Super Avalanche,0.0,0,22,0,0.0,7.545454545454547,2.1,False,4.62,11.0,2.380952380952381,True
351710,Hyperdimension Neptunia Re;Birth2 Sisters Generation,34.13333333333333,1499960409,41,24,0.5853658536585366,26.92926829268293,6.2,False,6.847,6.847,1.0,False
353090,Chicken Invaders 5,2.5166666666666666,1470516640,15,0,0.0,39.9,4.1,False,3.39,14.5,4.277286135693215,True
353270,Hyperdimension Neptunia Re;Birth3 V Generation,19.866666666666667,1467109737,42,12,0.2857142857142857,22.469047619047625,5.5,False,7.014,7.014,1.0,False
353640,Train Valley,1.6,1478296000,39,5,0.1282051282051282,17.038461538461537,2.3,False,8.7,19.37,2.2264367816091957,True
356050,Beyond Eyes,0.0,0,10,0,0.0,10.48,5.7,False,2.01,3.43,1.7064676616915426,True
356190,Middle-earth™: Shadow of War™,28.833333333333332,1615404896,72,37,0.5138888888888888,24.754166666666674,1.7,True,12.024000000000001,12.024000000000001,1.0,False
356570,Party Hard,0.0,0,27,0,0.0,30.666666666666657,4.3,False,6.22,14.13,2.271704180064309,True
359050,Shower With Your Dad Simulator 2015: Do You Still Shower With Your Dad,0.35,1460541439,21,9,0.42857142857142855,26.533333333333335,3.4,False,1.89,5.58,2.9523809523809526,True
359390,Amnesia™: Memories,2.25,1590432487,26,1,0.038461538461538464,18.200000000000006,3.9,False,4.3420000000000005,4.3420000000000005,1.0,False
359510,Tangle Tower,6.9,1768504226,10,10,1.0,63.10000000000001,36.7,False,5.56,6.17,1.1097122302158273,True
359870,FINAL FANTASY X/X-2 HD Remaster,52.516666666666666,1530361152,69,14,0.2028985507246377,11.366666666666667,0.7,False,50.41,161.09,3.1955961118825633,True
360150,How To Survive Third Person,0.0,0,27,0,0.0,11.822222222222218,2.7,False,12.33,25.27,2.0494728304947283,True
361850,Portal of Evil: Stolen Runes Collector's Edition,0.0,0,20,0,0.0,10.749999999999998,3.6,False,4.41,5.47,1.2403628117913832,True
362680,Fran Bow,10.966666666666667,1471533734,18,7,0.3888888888888889,32.77222222222223,13.6,False,7.61,8.77,1.152431011826544,True
365450,Hacknet,6.25,1552671742,11,4,0.36363636363636365,12.518181818181818,6.5,False,7.2,11.32,1.5722222222222222,True
365770,Volume,0.0,0,24,0,0.0,11.879166666666665,2.2,False,6.96,8.23,1.1824712643678161,True
365810,Flying Tigers: Shadows Over China,0.4,1502823564,28,2,0.07142857142857142,10.1,1.2,True,4.15,0.0,0.0,True
366220,Wurm Unlimited,0.0,0,0,0,0.0,0.0,0.0,False,0.0,0.0,1.0,True
367000,Fine Sweeper,0.0,0,19,0,0.0,23.389473684210518,5.3,False,4.62,14.64,3.168831168831169,True
367450,Poly Bridge,4.233333333333333,1537802942,22,4,0.18181818181818182,7.772727272727274,0.8,False,10.83,38.53,3.5577100646352724,True
367500,Dragon's Dogma: Dark Arisen,0.6333333333333333,1502466464,59,1,0.01694915254237288,21.46949152542372,1.3,False,32.69,113.28,3.4652799021107374,True
367540,Starbound - Unstable,0.0,0,51,0,0.0,8.088235294117645,2.6,False,8.517000000000001,8.517000000000001,1.0,False
368370,Her Story,1.6833333333333333,1611700369,13,3,0.23076923076923078,41.26153846153846,13.3,False,2.41,4.15,1.7219917012448134,True
368730,No Time To Explain Remastered,0.21666666666666667,1463671216,9,0,0.0,3.4111111111111105,1.9,False,2.58,6.45,2.5,True
370040,Lilly and Sasha: Nexus of Souls,0.0,0,0,0,0.0,0.0,0.0,False,17.0,19.0,1.1176470588235294,True
370360,TIS-100,0.0,0,10,0,0.0,15.65,1.2,False,14.34,36.04,2.513249651324965,True
370910,Kathy Rain,0.016666666666666666,1478296721,20,0,0.0,15.024999999999997,13.3,False,6.03,6.98,1.1575456053067994,True
373480,1993 Space Machine,0.0,0,10,0,0.0,3.54,2.4,False,2.61,6.3,2.413793103448276,True
373770,LiEat,0.5666666666666667,1616531784,30,0,0.0,22.263333333333335,10.5,False,4.11,5.18,1.2603406326034061,True
374320,DARK SOULS™ III,25.283333333333335,1719260042,43,29,0.6744186046511628,41.21162790697673,5.0,False,7.181,7.181,1.0,False
377160,Fallout 4,74.78333333333333,1658663698,84,67,0.7976190476190477,20.3452380952381,1.5,False,27.81,160.5,5.771305285868393,True
377360,Western Press,0.0,0,25,0,0.0,12.632,2.0,True,0.52,2.8,5.384615384615384,True
377840,FINAL FANTASY IX,20.3,1507305551,85,10,0.11764705882352941,16.75764705882353,1.4,True,14.195,14.195,1.0,False
379430,Kingdom Come: Deliverance,6.683333333333334,1741439591,82,2,0.024390243902439025,14.301219512195123,0.9,False,42.57,136.63,3.2095372327930467,True
379720,DOOM,4.683333333333334,1509780919,54,6,0.1111111111111111,15.748148148148143,1.2,True,10.54,14.98,1.4212523719165087,True
381210,Dead by Daylight,21.133333333333333,1607201253,303,21,0.06930693069306931,10.158666666666667,0.2,True,79.9,797.33,9.97909887359199,True
383270,Hue,0.0,0,13,0,0.0,45.4076923076923,8.6,False,0.0,5.22,1.0,True
384300,CPUCores :: Maximize Your FPS,144.85,1585247163,28,7,0.25,20.225,0.2,False,4.676,4.676,1.0,False
384630,Aviary Attorney,13.3,1602090999,0,0,0.0,0.0,0.0,False,4.5,7.92,1.76,True
385800,NEKOPARA Vol. 0,0.6166666666666667,1744733031,13,13,1.0,49.93846153846154,34.4,False,1.03,1.49,1.4466019417475728,True
386070,Planetary Annihilation: TITANS,0.0,0,19,0,0.0,12.247368421052633,0.5,True,5.05,32.1,6.356435643564357,True
386940,Ultimate Chicken Horse,2.6,1562186227,31,10,0.3225806451612903,25.219354838709677,1.0,True,5.04,26.78,5.313492063492063,True
387340,Hyperdimension Neptunia U: Action Unleashed,1.35,1499958809,35,5,0.14285714285714285,32.56571428571428,5.1,True,10.21,37.29,3.6523016650342797,True
388880,Oxenfree,2.9833333333333334,1524695080,13,1,0.07692307692307693,20.73076923076923,2.5,False,4.45,13.18,2.9617977528089887,True
390520,PewDiePie: Legend of the Brofist,0.0,0,58,0,0.0,31.905172413793107,2.5,False,3.18,18.47,5.8081761006289305,True
391220,Rise of the Tomb Raider,5.083333333333333,1517244156,143,8,0.055944055944055944,15.27202797202794,1.0,True,13.31,35.38,2.6581517655897824,True
391540,Undertale,30.6,1641067644,0,0,0.0,0.0,0.0,False,7.02,20.7,2.948717948717949,True
391720,Layers of Fear (2016),5.083333333333333,1479220572,27,7,0.25925925925925924,16.681481481481484,4.1,False,4.509,4.509,1.0,False
391920,Ether One Redux,0.0,0,12,0,0.0,6.233333333333333,3.1,False,5.59,11.0,1.9677996422182469,True
392410,ToyOdyssey,0.0,0,74,0,0.0,10.92972972972973,1.5,False,25.2,0.0,0.0,True
393420,Hurtworld,0.0,0,0,0,0.0,0.0,0.0,False,0.0,100.0,1.0,True
394310,Punch Club,0.0,0,47,0,0.0,38.019148936170204,3.7,False,10.36,23.62,2.27992277992278,True
394510,HELLDIVERS™,0.0,0,39,0,0.0,22.499999999999996,1.0,False,6.513000000000001,6.513000000000001,1.0,False
394970,DEADBOLT,0.5666666666666667,1491927014,24,4,0.16666666666666666,29.974999999999998,1.4,False,4.008,4.008,1.0,False
395170,DISTRAINT: Deluxe Edition,0.0,0,16,0,0.0,18.46875,11.7,False,2.672,2.672,1.0,False
396710,The Adventure Pals,0.0,0,31,0,0.0,28.41935483870968,3.9,True,8.67,11.93,1.3760092272203,True
397080,Magicka 2: Spell Balance Beta,0.0,0,47,0,0.0,7.7404255319149,5.0,False,7.849,7.849,1.0,False
397460,The Jackbox Party Pack 2,0.016666666666666666,1544286125,20,0,0.0,19.694999999999997,0.3,False,6.9,9.82,1.4231884057971014,True
397540,Borderlands 3,16.983333333333334,1585764950,81,18,0.2222222222222222,21.804938271604946,1.6,False,23.41,84.28,3.60017086715079,True
397950,Clustertruck,1.5666666666666667,1530659419,19,5,0.2631578947368421,37.01578947368421,5.0,False,3.63,8.31,2.2892561983471076,True
399780,Expand,0.0,0,0,0,0.0,0.0,0.0,False,2.07,2.14,1.033816425120773,True
400170,The Incredible Adventures of Van Helsing: Final Cut,0.0,0,50,0,0.0,13.995999999999997,1.1,True,17.73,39.32,2.2177100958826848,True
400430,The Vanishing of Ethan Carter Redux,4.633333333333334,1541622176,14,14,1.0,35.885714285714286,14.6,False,3.76,4.31,1.1462765957446808,True
401810,Poi,0.0,0,25,0,0.0,23.208000000000013,3.2,False,5.8,8.83,1.5224137931034483,True
404730,Wasteland 2: Director's Cut,0.0,0,46,0,0.0,8.906521739130437,0.9,False,40.77,100.09,2.4549914152563157,True
405640,Pony Island,0.0,0,20,0,0.0,47.185,7.9,False,2.4,4.69,1.9541666666666668,True
405900,Disgaea PC,0.0,0,30,0,0.0,9.803333333333333,1.7,False,32.67,447.8,13.706764615855525,True
407530,ARK: Survival Of The Fittest,0.0,0,0,0,0.0,0.0,0.0,False,51.5,55.25,1.0728155339805825,True
409710,BioShock Remastered,0.23333333333333334,1476182157,65,0,0.0,21.66923076923076,2.1,False,12.11,23.23,1.9182493806771264,True
409720,BioShock 2 Remastered,0.0,0,53,0,0.0,24.194339622641504,3.7,False,10.57,23.72,2.2440870387890253,True
410820,Starward Rogue,0.0,0,80,0,0.0,2.13375,0.6,False,2.78,0.0,0.0,True
413150,Stardew Valley,35.11666666666667,1602617820,49,12,0.24489795918367346,21.130612244897957,1.3,False,53.4,171.76,3.216479400749064,True
413410,Danganronpa: Trigger Happy Havoc,107.75,1642459073,38,9,0.23684210526315788,19.931578947368422,2.4,False,25.22,45.31,1.7965900079302144,True
413420,Danganronpa 2: Goodbye Despair,181.6,1679594192,47,19,0.40425531914893614,21.04893617021277,2.0,True,33.64,60.37,1.794589774078478,True
414340,Hellblade: Senua's Sacrifice,0.0,0,14,0,0.0,35.121428571428574,5.4,False,7.53,9.22,1.2244355909694555,True
415480,Hyperdevotion Noire: Goddess Black Heart,0.0,0,51,0,0.0,13.396078431372562,4.2,False,22.24,82.61,3.714478417266187,True
418460,Rising Storm 2: Vietnam,0.0,0,132,0,0.0,10.458333333333334,0.0,False,2.18,0.0,0.0,True
420110,NEKOPARA Vol. 2,10.316666666666666,1744917412,20,20,1.0,50.309999999999995,30.6,False,4.04,4.92,1.2178217821782178,True
421020,DiRT 4,22.033333333333335,1611754763,48,20,0.4166666666666667,21.252083333333342,1.2,False,30.53,81.12,2.657058630854897,True
421040,Plantera,0.0,0,29,0,0.0,41.39310344827586,18.7,False,2.23,13.99,6.273542600896861,True
421050,Deponia Doomsday,0.0,0,36,0,0.0,30.9611111111111,5.0,False,10.92,13.98,1.2802197802197803,True
422970,Devil Daggers,0.0,0,1,0,0.0,0.4,0.4,False,4.15,87.18,21.00722891566265,True
424840,Little Nightmares,0.0,0,22,0,0.0,13.409090909090912,1.6,False,3.57,9.1,2.549019607843137,True
425210,Shadwen,0.0,0,48,0,0.0,14.5625,4.2,False,5.92,14.99,2.5320945945945947,True
425220,ONE PIECE BURNING BLOOD,2.85,1497801328,50,11,0.22,22.776,2.0,True,8.35,8.35,1.0,False
425410,Road to Ballhalla,0.0,0,21,0,0.0,10.999999999999998,2.5,False,2.61,10.96,4.199233716475097,True
429330,Stikbold!,0.0,0,26,0,0.0,7.126923076923078,1.3,False,1.61,11.31,7.024844720496894,True
431960,Wallpaper Engine,28.883333333333333,1781956242,17,6,0.35294117647058826,19.82352941176471,1.0,False,2.839,2.839,1.0,False
433340,Slime Rancher,2.85,1613151733,57,13,0.22807017543859648,31.97543859649121,2.4,True,14.62,38.55,2.6367989056087553,True
435120,Rusty Lake Hotel,1.5166666666666666,1537661635,23,0,0.0,56.039130434782614,33.0,False,1.92,2.35,1.2239583333333335,True
435530,The Final Station,0.0,0,23,0,0.0,17.60434782608695,2.2,False,4.57,7.86,1.7199124726477024,True
438790,Random Access Murder,0.0,0,0,0,0.0,0.0,0.0,False,0.0,0.0,1.0,True
442210,Switchcars,0.0,0,0,0,0.0,0.0,0.0,False,1.39,6.0,4.316546762589929,True
447530,VA-11 Hall-A: Cyberpunk Bartender Action,3.2666666666666666,1485614222,34,4,0.11764705882352941,27.214705882352934,3.9,False,11.06,18.07,1.6338155515370705,True
451780,Trillion,0.0,0,36,0,0.0,16.47222222222223,1.6,False,16.97,47.89,2.8220388921626403,True
453910,Love is Dead,0.0,0,35,0,0.0,8.797142857142855,2.9,False,6.0,13.82,2.3033333333333332,True
460120,Megadimension Neptunia VII,7.166666666666667,1520706545,35,4,0.11428571428571428,19.81714285714285,4.2,False,35.32,76.96,2.178935447338618,True
460430,The Letter,36.43333333333333,1587321217,172,59,0.3430232558139535,22.722674418604644,1.5,False,0.58,0.63,1.0862068965517242,True
462780,Darksiders Warmastered Edition,0.0,0,43,0,0.0,25.644186046511628,4.2,False,17.07,27.99,1.6397188049209137,True
464920,Surviving Mars,0.0,0,80,0,0.0,9.32375,0.7,False,22.19,190.27,8.574583145561064,True
475550,Beholder,0.0,0,60,0,0.0,10.760000000000002,2.4,False,6.09,21.41,3.51559934318555,True
477740,Zero Escape: The Nonary Games,2.75,1631038703,38,0,0.0,33.468421052631584,16.4,False,34.01,50.98,1.498970890914437,True
480650,Yu-Gi-Oh! Legacy of the Duelist,4.516666666666667,1517582205,21,5,0.23809523809523808,34.30952380952381,5.0,True,18.79,73.55,3.914316125598723,True
483980,Mad Father,9.083333333333334,1623276313,21,15,0.7142857142857143,52.19999999999999,29.0,False,3.08,5.11,1.6590909090909092,True
485510,Nioh: Complete Edition,3.0166666666666666,1655463792,79,2,0.02531645569620253,15.656962025316455,2.5,True,41.93,143.62,3.425232530407823,True
486880,Abrix for kids,0.0,0,1,0,0.0,8.4,8.4,False,0.0,3.01,1.0,True
487350,Pirate Pop,0.0,0,12,0,0.0,3.9583333333333335,1.6,False,2.03,14.75,7.266009852216749,True
488790,South Park The Fractured But Whole,0.0,0,35,0,0.0,42.67142857142857,4.8,False,18.19,28.26,1.553600879604178,True
489520,Minion Masters,0.0,0,38,0,0.0,19.915789473684203,5.0,False,4.45,110.91,24.923595505617975,True
489830,The Elder Scrolls V: Skyrim Special Edition,2.8,1621105187,75,5,0.06666666666666667,17.590666666666653,2.8,False,26.0,203.1,7.811538461538461,True
490450,Tokyo 42,0.0,0,19,0,0.0,11.852631578947372,1.5,False,7.07,20.9,2.956152758132956,True
491950,Orwell,0.6833333333333333,1552670790,27,2,0.07407407407407407,17.492592592592594,7.5,False,4.56,9.66,2.118421052631579,True
495280,Disgaea 2 PC,0.0,0,55,0,0.0,10.294545454545451,1.5,False,32.67,447.8,13.706764615855525,True
496810,MegaTagmension Blanc + Neptune VS Zombies,0.0,0,36,0,0.0,25.95277777777778,5.5,False,6.21,20.67,3.3285024154589373,True
498240,Batman - The Telltale Series,9.466666666666667,1499507026,30,30,1.0,63.34333333333331,55.0,False,0.0,0.0,1.0,True
503980,Detective Hank and the Golden Sneeze,1.2,1523631933,17,2,0.11764705882352941,20.076470588235292,11.8,False,0.62,0.0,0.0,True
504130,Manual Samuel - Last Tuesday Edition,0.0,0,36,0,0.0,15.68055555555555,0.4,True,6.0120000000000005,6.0120000000000005,1.0,False
510620,THOTH,0.0,0,14,0,0.0,9.649999999999997,2.1,True,1.51,6.1,4.039735099337748,True
511350,Mr. Massagy,2.0833333333333335,1500760745,44,31,0.7045454545454546,51.67272727272729,19.3,False,1.28,2.08,1.625,True
511740,Gal*Gun: Double Peace,1.5333333333333334,1593528021,39,4,0.10256410256410256,16.561538461538465,1.8,False,3.74,36.78,9.834224598930481,True
512900,Streets of Rogue,11.816666666666666,1584451933,52,21,0.40384615384615385,27.242307692307705,3.7,False,10.5,45.49,4.332380952380952,True
522210,Serial Cleaner,0.0,0,28,0,0.0,9.103571428571431,2.7,False,4.88,9.11,1.8668032786885245,True
524220,NieR:Automata™,12.516666666666667,1538696998,47,17,0.3617021276595745,26.431914893617027,5.3,False,7.849,7.849,1.0,False
524580,Fairy Fencer F Advent Dark Force,39.18333333333333,1601561805,30,12,0.4,15.986666666666673,2.6,False,25.07,64.77,2.5835660151575586,True
526870,Satisfactory,176.15,1680780104,44,0,0.0,24.561363636363637,2.2,False,106.59,224.04,2.101885730368702,True
531510,Just Shapes & Beats,1.1166666666666667,1539778355,26,3,0.11538461538461539,29.5576923076923,4.8,False,3.33,34.01,10.213213213213212,True
532110,Rusty Lake: Roots,4.783333333333333,1537963659,16,15,0.9375,50.61874999999999,16.6,False,4.03,5.13,1.2729528535980148,True
537110,Angels of Death,9.966666666666667,1628686103,0,0,0.0,0.0,0.0,False,7.08,7.64,1.07909604519774,True
537340,Guts and Glory,0.0,0,30,0,0.0,12.886666666666668,1.9,False,4.79,7.45,1.5553235908141962,True
538590,Sleeping Valley,0.0,0,0,0,0.0,0.0,0.0,False,0.39,0.57,1.4615384615384615,True
552520,Far Cry 5,21.616666666666667,1666960961,72,0,0.0,6.654166666666666,0.1,True,18.34,47.71,2.6014176663031625,True
552590,The Sexy Brutale,6.533333333333333,1502380044,18,18,1.0,37.17777777777778,12.9,False,5.94,8.52,1.4343434343434343,True
555950,Danganronpa Another Episode: Ultra Despair Girls,6.183333333333334,1566988282,35,13,0.37142857142857144,39.23428571428571,4.3,False,16.3,25.62,1.5717791411042945,True
561770,Just Ignore Them,0.9333333333333333,1559319428,33,7,0.21212121212121213,11.65454545454546,5.2,False,2.28,3.74,1.6403508771929827,True
564310,Serious Sam Fusion 2017 (beta),0.0,0,76,0,0.0,10.382894736842104,3.8,True,12.692,12.692,1.0,False
567640,Danganronpa V3: Killing Harmony,79.23333333333333,1720462318,41,17,0.4146341463414634,25.846341463414635,1.2,False,39.36,98.12,2.492886178861789,True
571530,Superdimension Neptune VS Sega Hard Girls,0.0,0,38,0,0.0,24.465789473684207,5.8,False,16.69,36.13,2.164769322947873,True
578080,PUBG: BATTLEGROUNDS,7.4,1523991011,37,3,0.08108108108108109,24.23513513513513,0.7,False,6.179,6.179,1.0,False
578650,The Outer Worlds,23.2,1734296944,68,16,0.23529411764705882,18.79411764705882,0.9,False,13.34,40.68,3.0494752623688157,True
582010,Monster Hunter: World,752.7666666666667,1633789819,100,81,0.81,26.025,0.8,True,46.49,430.54,9.260916326091632,True
589590,Kindergarten,5.716666666666667,1503774305,8,4,0.5,43.3125,19.3,False,3.58,5.83,1.6284916201117319,True
597220,West of Loathing,9.25,1631477477,28,1,0.03571428571428571,16.21785714285714,2.9,False,7.9,20.59,2.6063291139240503,True
600090,The Coma: Recut,4.15,1604519252,0,0,0.0,0.0,0.0,False,4.93,6.8,1.3793103448275863,True
602520,NEKOPARA Vol. 3,10.766666666666667,1753433155,27,27,1.0,52.044444444444444,23.2,False,4.1,6.65,1.6219512195121955,True
602960,Barotrauma,2.95,1574437424,76,7,0.09210526315789473,17.863157894736833,0.2,True,52.12,137.6,2.640061396776669,True
606150,Moonlighter,0.4666666666666667,1566136545,67,0,0.0,14.305970149253731,0.8,False,14.08,29.76,2.1136363636363638,True
608800,Guns of Icarus Alliance,0.0,0,849,0,0.0,1.4775029446407448,0.0,False,1.79,0.0,0.0,True
611790,House Party,1.3666666666666667,1561065973,91,2,0.02197802197802198,6.081318681318682,0.2,False,6.26,20.08,3.207667731629393,True
612880,Wolfenstein II: The New Colossus,0.5833333333333334,1748883184,80,1,0.0125,19.103750000000012,1.2,False,10.75,33.59,3.124651162790698,True
613100,House Flipper,5.95,1590776567,96,2,0.020833333333333332,5.435416666666669,0.2,False,13.16,49.15,3.7348024316109423,True
613830,CHRONO TRIGGER,15.1,1704885143,13,0,0.0,3.9461538461538472,2.4,False,2.1710000000000003,2.1710000000000003,1.0,False
618740,Beat Hazard 2,0.36666666666666664,1668179454,62,4,0.06451612903225806,12.714516129032257,1.2,False,7.32,23.21,3.170765027322404,True
621060,PC Building Simulator,8.083333333333334,1571066014,94,4,0.0425531914893617,8.961702127659573,0.8,False,23.42,93.36,3.9863364645602046,True
635200,Distrust,0.0,0,56,0,0.0,13.050000000000002,1.7,False,4.89,37.31,7.629856850715748,True
637650,FINAL FANTASY XV WINDOWS EDITION,47.4,1627837651,97,46,0.4742268041237113,25.381443298969085,1.1,False,16.199,16.199,1.0,False
638160,Moero Chronicle,4.233333333333333,1643310585,42,13,0.30952380952380953,22.009523809523806,2.3,False,23.79,80.66,3.390500210172341,True
641320,Cooking Simulator,0.9333333333333333,1613042443,302,5,0.016556291390728478,6.263907284768219,0.0,False,8.4,21.57,2.5678571428571426,True
646270,60 Parsecs!,0.0,0,44,0,0.0,21.22954545454546,1.1,False,1.61,20.78,12.906832298136646,True
646570,Slay the Spire,11.8,1613473127,46,12,0.2608695652173913,34.813043478260866,2.7,False,12.32,190.23,15.440746753246753,True
648800,Raft,7.85,1658853979,104,15,0.14423076923076922,24.480769230769226,0.6,True,25.38,69.86,2.7525610717100077,True
654880,Dream Daddy: A Dad Dating Simulator,0.0,0,19,0,0.0,22.673684210526314,0.8,False,4.74,13.51,2.850210970464135,True
667720,Red Faction Guerrilla Re-Mars-tered,0.0,0,57,0,0.0,8.517543859649116,1.3,True,11.05,43.11,3.9013574660633483,True
673880,"Warhammer 40,000: Mechanicus",0.0,0,34,0,0.0,17.80588235294118,1.0,False,18.88,47.31,2.5058262711864407,True
674940,Stick Fight: The Game,0.2833333333333333,1593931998,28,8,0.2857142857142857,44.37857142857143,1.5,False,1.71,8.37,4.894736842105263,True
675010,MudRunner,1.55,1525458767,62,4,0.06451612903225806,11.691935483870965,1.6,True,17.46,42.63,2.441580756013746,True
675260,Batman: The Enemy Within - The Telltale Series,10.433333333333334,1522512554,30,30,1.0,69.4866666666667,60.3,False,10.01,11.02,1.100899100899101,True
690790,DiRT Rally 2.0,1.7166666666666666,1705789753,71,1,0.014084507042253521,7.008450704225353,0.5,False,13.08,132.38,10.120795107033638,True
691450,Misao - 2024 HD Remaster,9.75,1620757581,21,13,0.6190476190476191,55.33809523809524,33.0,False,3.507,3.507,1.0,False
703880,Swords and Soldiers 2 Shawarmageddon,0.0,0,13,0,0.0,10.630769230769232,1.6,True,6.33,0.0,0.0,True
712730,SIMULACRA,6.5,1525298269,24,10,0.4166666666666667,30.24166666666667,5.1,False,4.008,4.008,1.0,False
729040,Borderlands GOTY Enhanced,0.0,0,80,0,0.0,24.876250000000006,2.4,True,20.57,74.04,3.599416626154594,True
733300,My Big Sister,4.166666666666667,1558991424,28,21,0.75,22.675000000000004,11.7,False,3.48,3.61,1.0373563218390804,True
737230,Rising Storm 2: Vietnam CTB Beta,0.0,0,120,0,0.0,0.17500000000000013,0.0,False,20.040000000000003,20.040000000000003,1.0,False
739630,Phasmophobia,34.11666666666667,1652543110,54,0,0.0,16.598148148148148,1.2,True,20.09,133.72,6.656047784967646,True
744190,Rusty Lake Paradise,0.4666666666666667,1537965436,50,9,0.18,47.83400000000002,15.6,False,3.56,4.56,1.2808988764044942,True
747350,Hellblade: Senua's Sacrifice VR Edition,0.0,0,14,0,0.0,9.685714285714287,4.7,False,6.85,8.36,1.2204379562043794,True
765870,Leisure Suit Larry - Wet Dreams Don't Dry,8.433333333333334,1560710541,31,13,0.41935483870967744,38.90645161290324,9.7,False,9.1,10.16,1.1164835164835165,True
778390,Corpse Party: Book of Shadows,2.05,1543439723,33,0,0.0,21.724242424242426,11.5,False,13.41,20.44,1.5242356450410142,True
787480,Phoenix Wright: Ace Attorney Trilogy,163.28333333333333,1764879731,30,15,0.5,24.876666666666665,3.2,False,60.38,72.09,1.193938390195429,True
787860,Farming Simulator 19,12.366666666666667,1681248367,23,3,0.13043478260869565,26.04347826086957,2.6,False,113.38,253.97,2.239989416122773,True
790740,Tick Tock: A Tale for Two,2.3,1628351756,0,0,0.0,0.0,0.0,False,1.96,2.28,1.163265306122449,True
802450,NAIRI: Tower of Shirin,0.0,0,20,0,0.0,38.959999999999994,25.5,False,5.4,6.46,1.1962962962962962,True
803600,Disgaea 5 Complete,24.7,1611433826,51,15,0.29411764705882354,21.466666666666676,1.5,False,52.9,202.25,3.8232514177693764,True
805550,Assetto Corsa Competizione,1.85,1601141086,0,0,0.0,0.0,0.0,False,13.43,336.25,25.03723008190618,True
814380,Sekiro™: Shadows Die Twice,50.7,1770159344,34,34,1.0,35.11176470588234,9.9,False,5.678,5.678,1.0,False
831560,WARRIORS OROCHI 4,12.133333333333333,1540394712,53,25,0.4716981132075472,48.30566037735849,1.9,False,8.851,8.851,1.0,False
849740,Love Esquire,4.3,1576611145,131,12,0.0916030534351145,27.589312977099247,2.1,False,16.38,44.62,2.724053724053724,True
851850,DRAGON BALL Z: KAKAROT,1.2166666666666666,1629643971,42,4,0.09523809523809523,37.62619047619047,5.3,False,7.014,7.014,1.0,False
869880,Cyanide & Happiness - Freakpocalypse (Episode 1),2.183333333333333,1615845655,55,6,0.10909090909090909,25.33818181818181,2.1,True,9.185,9.185,1.0,False
881020,Granblue Fantasy: Relink,5.016666666666667,1756229684,54,15,0.2777777777777778,51.42962962962961,2.0,False,15.57,130.98,8.41233140655106,True
883710,Resident Evil 2,1.5833333333333333,1682436838,44,6,0.13636363636363635,41.24772727272728,4.0,False,8.82,36.55,4.143990929705215,True
888790,Sabbat of the Witch,35.233333333333334,1646058704,20,9,0.45,33.53000000000001,21.9,False,14.23,58.76,4.129304286718201,True
899970,NEKOPARA Extra,0.0,0,13,0,0.0,47.300000000000004,36.2,False,1.19,1.86,1.5630252100840338,True
912370,Mahjong Club,0.6,1558684654,9,1,0.1111111111111111,20.833333333333332,1.9,False,0.0,0.0,1.0,True
930210,HuniePop 2: Double Date,20.85,1616504410,20,4,0.2,8.934999999999999,1.2,False,15.09,28.07,1.8601722995361167,True
942970,Unheard - Voices of Crime,3.7,1677185235,12,7,0.5833333333333334,31.891666666666676,17.3,False,4.1,7.48,1.8243902439024393,True
951940,Almost There: The Platformer,0.0,0,24,0,0.0,10.362500000000002,2.9,False,4.08,10.32,2.5294117647058822,True
960090,Bloons TD 6,7.533333333333333,1631563497,156,11,0.07051282051282051,20.71025641025642,0.1,True,36.42,581.2,15.958264689730917,True
960170,DJMAX RESPECT V,2.65,1687014372,282,5,0.01773049645390071,5.533687943262411,0.0,True,21.38,91.83,4.295135640785781,True
966320,Later Alligator,3.8666666666666667,1622057772,14,1,0.07142857142857142,21.407142857142862,5.9,False,2.58,6.46,2.503875968992248,True
980300,One Finger Death Punch 2,11.416666666666666,1580304775,63,43,0.6825396825396826,23.47777777777778,2.2,False,10.57,26.09,2.468306527909177,True
990080,Hogwarts Legacy,40.43333333333333,1736368658,45,17,0.37777777777777777,26.724444444444444,2.3,False,26.71,72.05,2.697491576188693,True
1004640,FINAL FANTASY TACTICS - The Ivalice Chronicles,58.35,1760345099,50,50,1.0,33.275999999999996,2.4,False,8.35,8.35,1.0,False
1005240,Pixel Puzzles Illustrations & Anime Jigsaw Puzzles,0.0,0,539,0,0.0,12.46660482374775,0.6,False,90.013,90.013,1.0,False
1030830,Mafia II: Definitive Edition,0.0,0,67,0,0.0,26.673134328358206,2.1,False,11.28,36.3,3.2180851063829787,True
1037590,Neptunia Shooter,0.1,1578745498,13,1,0.07692307692307693,12.576923076923077,3.7,False,0.75,9.71,12.946666666666667,True
1047440,DATE A LIVE: Rio Reincarnation,18.883333333333333,1666767594,37,6,0.16216216216216217,10.732432432432432,3.7,False,15.63,51.39,3.287907869481766,True
1058200,Pixel Puzzles Traditional Jigsaw Puzzles,0.0,0,980,0,0.0,9.676632653061228,0.2,False,14.57,319.0,21.894303363074812,True
1076880,Air Marty,1.5166666666666666,1577394017,65,42,0.6461538461538462,55.61846153846153,35.1,False,2.03,2.34,1.1527093596059115,True
1078760,Motorcycle Mechanic Simulator 2021,0.0,0,30,0,0.0,11.973333333333333,1.4,False,20.0,26.42,1.3210000000000002,True
1086940,Baldur's Gate 3,22.2,1706045812,54,5,0.09259259259259259,27.670370370370364,2.6,False,72.85,181.12,2.4862045298558684,True
1091500,Cyberpunk 2077,21.95,1762007071,57,7,0.12280701754385964,23.549122807017536,4.6,False,26.04,108.6,4.170506912442396,True
1101360,Rock of Ages 3: Make & Break,0.0,0,21,0,0.0,12.457142857142859,1.5,True,7.24,13.07,1.8052486187845305,True
1127500,Mini Motorways,1.0166666666666666,1627757094,165,7,0.04242424242424243,19.204848484848473,0.1,False,6.57,45.03,6.853881278538813,True
1150080,Azur Lane: Crosswave,11.883333333333333,1582646729,27,15,0.5555555555555556,31.94444444444444,3.0,False,9.69,29.1,3.0030959752321986,True
1158310,Crusader Kings III,5.166666666666667,1764018312,188,4,0.02127659574468085,5.70425531914894,0.2,False,72.56,585.79,8.073180815876515,True
1171270,TroubleDays,6.5,1689081214,13,13,1.0,67.57692307692308,38.1,False,2.91,4.78,1.6426116838487972,True
1173820,FINAL FANTASY VI,10.583333333333334,1736620880,37,9,0.24324324324324326,30.886486486486497,3.6,False,6.179,6.179,1.0,False
1190000,Car Mechanic Simulator 2021,8.0,1782247062,46,11,0.2391304347826087,23.69565217391305,1.9,False,24.73,106.82,4.3194500606550745,True
1222700,A Way Out,7.166666666666667,1600966679,14,4,0.2857142857142857,15.978571428571428,3.0,True,6.03,7.36,1.220563847429519,True
1231950,The Innsmouth Case,5.366666666666666,1610231250,23,1,0.043478260869565216,6.956521739130435,3.6,False,1.23,8.57,6.967479674796748,True
1233880,Disgaea 4 Complete+,0.05,1630764618,51,1,0.0196078431372549,12.349019607843138,1.1,False,35.72,143.13,4.006998880179172,True
1235140,Yakuza: Like a Dragon,7.95,1680263901,63,4,0.06349206349206349,34.44603174603174,3.5,False,46.11,102.88,2.23118629364563,True
1241510,The Test,0.4166666666666667,1645733937,0,0,0.0,0.0,0.0,False,0.48,0.51,1.0625,True
1245620,ELDEN RING,125.03333333333333,1720711936,42,42,1.0,41.61428571428571,10.4,False,7.014,7.014,1.0,False
1277930,Riddle Joker,6.666666666666667,1672494902,21,3,0.14285714285714285,44.68095238095238,22.1,False,11.74,47.21,4.021294718909711,True
1283190,Neighbours back From Hell,0.0,0,11,0,0.0,42.690909090909095,23.6,False,4.98,6.09,1.2228915662650601,True
1286680,Tiny Tina's Wonderlands,9.283333333333333,1680205398,47,13,0.2765957446808511,31.0531914893617,1.7,False,16.1,52.06,3.233540372670807,True
1322300,Tsugunohi,1.1,1630869255,0,0,0.0,0.0,0.0,False,1.08,4.11,3.805555555555556,True
1389550,Mind Scanners,0.7,1626527223,14,0,0.0,5.499999999999999,2.3,False,4.51,14.65,3.248337028824834,True
1406990,NEKOPARA Vol. 4,6.666666666666667,1760560453,19,12,0.631578947368421,47.2578947368421,22.2,False,5.81,7.64,1.314974182444062,True
1446780,MONSTER HUNTER RISE,173.93333333333334,1729878821,100,32,0.32,15.257999999999996,0.8,True,16.7,16.7,1.0,False
1462040,FINAL FANTASY VII REMAKE INTERGRADE,21.3,1714685116,63,32,0.5079365079365079,34.42857142857143,2.1,False,10.521,10.521,1.0,False
1475810,Ghostwire: Tokyo,0.75,1727205543,66,5,0.07575757575757576,23.099999999999998,1.4,False,11.37,42.04,3.697449428320141,True
1515210,The Past Within,1.2833333333333334,1700937032,24,2,0.08333333333333333,39.266666666666666,11.5,False,1.91,3.84,2.0104712041884816,True
1573720,Agatha Christie - Hercule Poirot: The First Cases,15.483333333333333,1670585306,46,16,0.34782608695652173,46.141304347826086,5.9,False,9.3,11.4,1.2258064516129032,True
1578160,Bots Are Stupid,0.0,0,32,0,0.0,12.284375000000004,1.7,False,6.45,8.5,1.317829457364341,True
1623730,Palworld,13.45,1707302288,57,5,0.08771929824561403,17.236842105263147,0.5,False,41.84,93.21,2.2277724665391965,True
1627720,Lies of P,57.1,1778434135,53,53,1.0,38.562264150943385,5.6,False,28.35,58.42,2.0606701940035275,True
1671210,DELTARUNE,0.3,1750840050,0,0,0.0,0.0,0.0,False,0.0,0.0,1.0,False
1687950,Persona 5 Royal,0.5666666666666667,1689087778,53,0,0.0,39.662264150943386,8.2,False,101.24,140.35,1.386309758988542,True
1716740,Starfield,5.316666666666666,1696227368,82,3,0.036585365853658534,18.187804878048773,0.1,False,23.9,150.73,6.306694560669456,True
1720850,A=B,6.716666666666667,1691753169,18,3,0.16666666666666666,14.711111111111112,3.0,False,7.22,43.0,5.955678670360111,True
1794680,Vampire Survivors,1.4166666666666667,1676643182,243,17,0.06995884773662552,33.56378600823043,1.4,True,15.08,53.06,3.5185676392572947,True
1798010,Mega Man Battle Network Legacy Collection Vol. 1,5.283333333333333,1696417198,56,2,0.03571428571428571,14.616071428571425,2.0,False,39.06,106.46,2.7255504352278543,True
1798020,Mega Man Battle Network Legacy Collection Vol. 2,0.0,0,47,0,0.0,11.704255319148942,2.0,False,61.54,157.5,2.5593110172245694,True
1801110,BOKURA,3.1,1709308054,14,5,0.35714285714285715,47.72142857142857,11.4,False,4.22,6.6,1.5639810426540284,True
1817190,Marvel's Spider-Man: Miles Morales,15.466666666666667,1670968933,50,30,0.6,40.08,7.1,True,7.78,18.53,2.3817480719794344,True
1859280,7 Days to End with You,0.65,1744555333,0,0,0.0,0.0,0.0,False,3.45,5.21,1.5101449275362318,True
1879330,WARRIORS OROCHI 3 Ultimate Definitive Edition,5.016666666666667,1732828836,44,3,0.06818181818181818,20.709090909090907,1.0,False,0.0,85.6,1.0,True
1903340,Clair Obscur: Expedition 33,42.733333333333334,1781969081,55,36,0.6545454545454545,44.61454545454544,10.1,False,29.24,68.33,2.3368673050615594,True
1904790,Agatha Christie - Murder on the Orient Express,10.233333333333333,1704009011,27,11,0.4074074074074074,38.33333333333332,4.1,False,4.509,4.509,1.0,False
1920490,The Outer Worlds: Spacer's Choice Edition,0.0,0,68,0,0.0,17.43088235294119,1.5,False,17.64,60.75,3.443877551020408,True
1921780,The Sushi Spinnery,0.21666666666666667,1653417943,6,0,0.0,28.916666666666668,13.8,False,14.16,20.75,1.4653954802259888,True
1967430,Ghost Trick: Phantom Detective,17.966666666666665,1696136733,30,30,1.0,45.080000000000005,10.1,False,12.07,13.28,1.100248550124275,True
2062550,hololive ERROR,1.0166666666666666,1663356615,0,0,0.0,0.0,0.0,False,0.97,3.5,3.6082474226804124,True
2072840,Word Factori,0.23333333333333334,1692471615,31,4,0.12903225806451613,34.36451612903226,4.4,False,3.25,6.77,2.083076923076923,True
2149010,Little Nightmares Enhanced Edition,0.0,0,22,0,0.0,13.150000000000004,2.7,False,3.57,9.1,2.549019607843137,True
2169200,Sniper Elite: Resistance,3.316666666666667,1782059219,70,5,0.07142857142857142,29.027142857142863,1.3,True,9.0,28.45,3.161111111111111,True
2183900,"Warhammer 40,000: Space Marine 2",11.566666666666666,1738702635,50,15,0.3,30.55999999999999,0.9,True,9.45,63.76,6.747089947089948,True
2215430,Ghost of Tsushima DIRECTOR'S CUT,19.633333333333333,1742334500,77,14,0.18181818181818182,28.73896103896104,2.0,True,25.12,62.43,2.4852707006369426,True
2246340,Monster Hunter Wilds,39.05,1777147942,50,25,0.5,48.157999999999966,4.0,True,17.99,113.63,6.316286826014453,True
2286780,Aeruta,24.8,1771022675,65,65,1.0,40.22153846153847,9.1,False,14.46,28.56,1.975103734439834,True
2358720,Black Myth: Wukong,3.65,1753820322,81,9,0.1111111111111111,50.28395061728394,12.6,False,37.83,67.46,1.783240814168649,True
2454960,The Great Villainess: Strategy of Lily,24.366666666666667,1761244777,32,32,1.0,50.09375,7.2,False,15.0,29.7,1.98,True
2623190,The Elder Scrolls IV: Oblivion Remastered,3.1,1747769554,60,1,0.016666666666666666,16.865000000000002,3.9,False,17.39,93.52,5.377803335250143,True
2679460,Metaphor: ReFantazio,14.283333333333333,1772184327,44,9,0.20454545454545456,40.92727272727272,3.0,False,65.29,108.77,1.6659519068770101,True
2689930,"Detective Instinct: Farewell, My Beloved",9.433333333333334,1766865863,15,3,0.2,39.54666666666667,12.9,False,5.42,6.16,1.1365313653136533,True
3061810,Like a Dragon: Pirate Yakuza in Hawaii,31.116666666666667,1751482773,62,37,0.5967741935483871,45.59516129032257,11.4,False,17.19,43.9,2.553810354857475,True
3065170,Monster Hunter Wilds Beta test,4.55,1739039895,0,0,0.0,0.0,0.0,False,0.0,0.0,1.0,False
3101040,Magical Girl Witch Trials,51.03333333333333,1757751820,0,0,0.0,0.0,0.0,False,26.13,53.17,2.0348258706467663,True
3240220,Grand Theft Auto V Enhanced,0.0,0,77,0,0.0,13.823376623376621,2.6,True,32.05,88.78,2.770046801872075,True
3357650,PRAGMATA,5.583333333333333,1781876434,35,16,0.45714285714285713,51.09714285714286,3.6,False,5.845000000000001,5.845000000000001,1.0,False
3489700,Stellar Blade™,45.3,1750523706,45,45,1.0,37.95333333333334,8.4,False,7.515000000000001,7.515000000000001,1.0,False
4197610,Librarian: Tidy Up the Arcane Library!,19.966666666666665,1781384833,12,12,1.0,52.45833333333334,10.1,False,4.82,21.29,4.4170124481327795,True
